-- phpMyAdmin SQL Dump
-- version 5.2.1
-- https://www.phpmyadmin.net/
--
-- Host: 127.0.0.1
-- Generation Time: Feb 20, 2026 at 01:33 PM
-- Server version: 10.4.32-MariaDB
-- PHP Version: 8.2.12

SET SQL_MODE = "NO_AUTO_VALUE_ON_ZERO";
START TRANSACTION;
SET time_zone = "+00:00";


/*!40101 SET @OLD_CHARACTER_SET_CLIENT=@@CHARACTER_SET_CLIENT */;
/*!40101 SET @OLD_CHARACTER_SET_RESULTS=@@CHARACTER_SET_RESULTS */;
/*!40101 SET @OLD_COLLATION_CONNECTION=@@COLLATION_CONNECTION */;
/*!40101 SET NAMES utf8mb4 */;

--
-- Database: `main`
--

DELIMITER $$
--
-- Procedures
--
CREATE DEFINER=`root`@`localhost` PROCEDURE `sp_check_schedule_conflict` (IN `p_faculty_id` INT, IN `p_section_id` INT, IN `p_schedule_date` DATE, IN `p_time_slot_id` INT, IN `p_room_id` INT, OUT `p_conflict_type` VARCHAR(50), OUT `p_conflict_message` VARCHAR(255))   BEGIN
  DECLARE teacher_conflict INT DEFAULT 0;
  DECLARE room_conflict INT DEFAULT 0;
  DECLARE section_conflict INT DEFAULT 0;
  
  -- Check teacher conflict
  SELECT COUNT(*) INTO teacher_conflict
  FROM schedules
  WHERE faculty_id = p_faculty_id
    AND schedule_date = p_schedule_date
    AND time_slot_id = p_time_slot_id;
  
  -- Check room conflict
  SELECT COUNT(*) INTO room_conflict
  FROM schedules
  WHERE room_id = p_room_id
    AND schedule_date = p_schedule_date
    AND time_slot_id = p_time_slot_id
    AND p_room_id IS NOT NULL;
  
  -- Check section conflict
  SELECT COUNT(*) INTO section_conflict
  FROM schedules
  WHERE section_id = p_section_id
    AND schedule_date = p_schedule_date
    AND time_slot_id = p_time_slot_id;
  
  -- Set conflict type and message
  IF teacher_conflict > 0 THEN
    SET p_conflict_type = 'Teacher Conflict';
    SET p_conflict_message = 'Teacher is already scheduled at this time';
  ELSEIF room_conflict > 0 THEN
    SET p_conflict_type = 'Room Conflict';
    SET p_conflict_message = 'Room is already booked at this time';
  ELSEIF section_conflict > 0 THEN
    SET p_conflict_type = 'Section Conflict';
    SET p_conflict_message = 'Section already has a class at this time';
  ELSE
    SET p_conflict_type = NULL;
    SET p_conflict_message = 'No conflicts found';
  END IF;
END$$

DELIMITER ;

-- --------------------------------------------------------

--
-- Table structure for table `events`
--

CREATE TABLE `events` (
  `event_id` int(11) NOT NULL,
  `event_title` varchar(255) NOT NULL,
  `event_type` enum('meeting','training','seminar','holiday','other') NOT NULL,
  `event_date` date NOT NULL,
  `start_time` time NOT NULL,
  `end_time` time NOT NULL,
  `location` varchar(100) DEFAULT NULL,
  `description` text DEFAULT NULL,
  `created_at` timestamp NOT NULL DEFAULT current_timestamp(),
  `updated_at` timestamp NOT NULL DEFAULT current_timestamp() ON UPDATE current_timestamp()
) ENGINE=InnoDB DEFAULT CHARSET=utf8mb4 COLLATE=utf8mb4_general_ci;

-- --------------------------------------------------------

--
-- Table structure for table `faculty`
--

CREATE TABLE `faculty` (
  `faculty_id` int(6) NOT NULL COMMENT 'needs to be 6 characters',
  `fname` varchar(100) NOT NULL,
  `mname` varchar(100) NOT NULL,
  `lname` varchar(100) NOT NULL,
  `gender` varchar(10) NOT NULL COMMENT 'male, female, or whatever else',
  `pnumber` bigint(16) NOT NULL COMMENT 'phone contact number in 63+',
  `address` varchar(255) NOT NULL COMMENT 'where they live',
  `email` varchar(255) NOT NULL COMMENT 'gmail, yahoo, proton, etc.',
  `status` text NOT NULL COMMENT 'for the state of the individual; sick, on maternity leave, retired, etc.'
) ENGINE=InnoDB DEFAULT CHARSET=utf8mb4 COLLATE=utf8mb4_general_ci;

--
-- Dumping data for table `faculty`
--

INSERT INTO `faculty` (`faculty_id`, `fname`, `mname`, `lname`, `gender`, `pnumber`, `address`, `email`, `status`) VALUES
(100000, 'Mark Andrie', 'Blanco', 'Santos', 'Male', 0, 'Facoma Street, Brgy. Labangan Poblacion', 'markandrieblancosantos@gmail.com', ''),
(100001, 'Mark Andrie', 'Blanco', 'Santos', 'male', 9933364675, 'Facoma Street, Brgy. Labangan Poblacion', 'markandrieblancosantos@gmail.com', 'Single'),
(100002, 'Mark Andrie', 'Blanco', 'Santos', 'Male', 9933364675, 'Facoma St. Brgy. Labangan', 'markandrieblancosantos@gmail.com', ''),
(100003, 'Mark Andrie', 'Blanco', 'Santos', 'Male', 9933364675, 'Facoma St. Brgy. Labangan', 'markandrieblancosantos@gmail.com', 'dead inside'),
(100004, 'test', 'test', 'test', 'male', 98786534123, 'facoma street', '', 'feelin giffy'),
(100005, 'test12', 'test12', 'test12', 'other', 9933364675, 'dream land', '', 'fucked'),
(100006, 'test12313', 'test1231', 'test121313', 'other', 993336467513, 'dream landwsdawd', '', 'fuckedawdawd'),
(100007, 'test12313123123', 'test1231213123', 'test121313231', 'other', 993336467513123, 'dream landwsdawd123123123123', '', 'fuckedawdawd123123'),
(100008, 'finaltest', 'a2e', 'aga', 'other', 993336467513123, 'dream landwsdawd123123123123', '', 'fuckedawdawd123123'),
(100009, 'actualy final test', 'a2e', 'aga', 'other', 993336467513123, 'dream landwsdawd123123123123', '', 'fuckedawdawd123123'),
(100010, 'actualy final test aga', 'a2e', 'aga', 'other', 993336467513123, 'dream landwsdawd123123123123', '', 'fuckedawdawd123123'),
(100011, 'final test for product', 'final test for product', 'final test for product', 'other', 993336467513123, 'final test for product', '', 'final test for product'),
(100012, 'Samantha', 'Soemthing', 'Blanco', 'female', 123123123123, 'Somwhere', '', 'Dead'),
(100013, 'Hams', 'Hams', 'Hams', 'male', 99833713233, 'Earth', '', 'prob alive'),
(100014, 'savior', 'savior', 'savior', 'other', 213123123, 'savior', '', 'savior'),
(100015, 'Angerlo', 'Angerlo', 'Angerlo', 'male', 123123123, 'Angerlo', '', 'Angerlo'),
(100016, 'Advent Matthew', 'Sabado', 'Domingo', 'female', 9933364675, 'Somewhere in Earth', '', 'Probably alive but idk tbh'),
(100017, 'test', 'test', '213123', 'other', 12312312, 'rtste', '', 'test'),
(100018, 'test', 'test', 'tes1w', 'other', 123123124657900, 'red', '', 'bluer'),
(100019, '123', '123', '123', 'male', 123456889, 'ytuyuoi', '', 'yuriu'),
(100020, 'tes', 'sa', '4345', 'other', 123567890, 'awd', '', 'awd');

-- --------------------------------------------------------

--
-- Table structure for table `faculty_availability`
--

CREATE TABLE `faculty_availability` (
  `availability_id` int(11) NOT NULL,
  `faculty_id` int(11) NOT NULL,
  `day_of_week` enum('Monday','Tuesday','Wednesday','Thursday','Friday','Saturday') NOT NULL,
  `start_time` time NOT NULL,
  `end_time` time NOT NULL,
  `is_available` tinyint(1) DEFAULT 1,
  `notes` varchar(255) DEFAULT NULL,
  `created_at` timestamp NOT NULL DEFAULT current_timestamp(),
  `updated_at` timestamp NOT NULL DEFAULT current_timestamp() ON UPDATE current_timestamp()
) ENGINE=InnoDB DEFAULT CHARSET=utf8mb4 COLLATE=utf8mb4_general_ci;

-- --------------------------------------------------------

--
-- Table structure for table `rooms`
--

CREATE TABLE `rooms` (
  `room_id` int(11) NOT NULL,
  `room_name` varchar(50) NOT NULL,
  `room_type` enum('Classroom','Laboratory','Gym','Conference Room','Other') DEFAULT 'Classroom',
  `capacity` int(11) DEFAULT NULL,
  `building` varchar(50) DEFAULT NULL,
  `is_available` tinyint(1) DEFAULT 1,
  `created_at` timestamp NOT NULL DEFAULT current_timestamp(),
  `updated_at` timestamp NOT NULL DEFAULT current_timestamp() ON UPDATE current_timestamp()
) ENGINE=InnoDB DEFAULT CHARSET=utf8mb4 COLLATE=utf8mb4_general_ci;

--
-- Dumping data for table `rooms`
--

INSERT INTO `rooms` (`room_id`, `room_name`, `room_type`, `capacity`, `building`, `is_available`, `created_at`, `updated_at`) VALUES
(1, 'Room 101', 'Classroom', 40, 'Main Building', 1, '2025-12-06 05:57:50', '2025-12-06 05:57:50'),
(2, 'Room 102', 'Classroom', 40, 'Main Building', 1, '2025-12-06 05:57:50', '2025-12-06 05:57:50'),
(3, 'Room 103', 'Classroom', 40, 'Main Building', 1, '2025-12-06 05:57:50', '2025-12-06 05:57:50'),
(4, 'Science Lab 1', 'Laboratory', 30, 'Science Building', 1, '2025-12-06 05:57:50', '2025-12-06 05:57:50'),
(5, 'Computer Lab 1', 'Laboratory', 35, 'Tech Building', 1, '2025-12-06 05:57:50', '2025-12-06 05:57:50'),
(6, 'Gymnasium', 'Gym', 100, 'Sports Complex', 1, '2025-12-06 05:57:50', '2025-12-06 05:57:50');

-- --------------------------------------------------------

--
-- Table structure for table `schedules`
--

CREATE TABLE `schedules` (
  `schedule_id` int(11) NOT NULL,
  `section_id` int(11) DEFAULT NULL,
  `faculty_id` int(11) NOT NULL,
  `subject_id` int(11) NOT NULL,
  `schedule_date` date NOT NULL,
  `day_of_week` enum('Monday','Tuesday','Wednesday','Thursday','Friday','Saturday') DEFAULT NULL,
  `time_slot_id` int(11) DEFAULT NULL,
  `start_time` time NOT NULL,
  `end_time` time NOT NULL,
  `room` varchar(50) DEFAULT NULL,
  `room_id` int(11) DEFAULT NULL,
  `notes` text DEFAULT NULL,
  `is_auto_generated` tinyint(1) DEFAULT 0,
  `created_at` timestamp NOT NULL DEFAULT current_timestamp(),
  `updated_at` timestamp NOT NULL DEFAULT current_timestamp() ON UPDATE current_timestamp()
) ENGINE=InnoDB DEFAULT CHARSET=utf8mb4 COLLATE=utf8mb4_general_ci;

--
-- Dumping data for table `schedules`
--

INSERT INTO `schedules` (`schedule_id`, `section_id`, `faculty_id`, `subject_id`, `schedule_date`, `day_of_week`, `time_slot_id`, `start_time`, `end_time`, `room`, `room_id`, `notes`, `is_auto_generated`, `created_at`, `updated_at`) VALUES
(1297, 3, 100017, 6, '2026-02-02', NULL, 14, '07:30:00', '08:30:00', NULL, NULL, 'Auto-generated', 0, '2026-01-27 14:48:04', '2026-01-27 14:48:04'),
(1298, 3, 100017, 7, '2026-02-02', NULL, 15, '08:30:00', '09:30:00', NULL, NULL, 'Auto-generated', 0, '2026-01-27 14:48:04', '2026-01-27 14:48:04'),
(1299, 3, 100020, 4, '2026-02-02', NULL, 17, '09:45:00', '10:45:00', NULL, NULL, 'Auto-generated', 0, '2026-01-27 14:48:04', '2026-01-27 14:48:04'),
(1300, 3, 100010, 3, '2026-02-02', NULL, 18, '10:45:00', '11:45:00', NULL, NULL, 'Auto-generated', 0, '2026-01-27 14:48:04', '2026-01-27 14:48:04'),
(1301, 3, 100016, 2, '2026-02-02', NULL, 21, '14:00:00', '15:00:00', NULL, NULL, 'Auto-generated', 0, '2026-01-27 14:48:04', '2026-01-27 14:48:04'),
(1302, 3, 100020, 9, '2026-02-02', NULL, 23, '15:15:00', '16:15:00', NULL, NULL, 'Auto-generated', 0, '2026-01-27 14:48:04', '2026-01-27 14:48:04'),
(1303, 3, 100010, 5, '2026-02-02', NULL, 20, '13:00:00', '14:00:00', NULL, NULL, 'Auto-generated', 0, '2026-01-27 14:48:04', '2026-01-27 14:48:04'),
(1304, 3, 100017, 6, '2026-02-03', NULL, 14, '07:30:00', '08:30:00', NULL, NULL, 'Auto-generated', 0, '2026-01-27 14:48:04', '2026-01-27 14:48:04'),
(1305, 3, 100017, 7, '2026-02-03', NULL, 15, '08:30:00', '09:30:00', NULL, NULL, 'Auto-generated', 0, '2026-01-27 14:48:04', '2026-01-27 14:48:04'),
(1306, 3, 100020, 4, '2026-02-03', NULL, 17, '09:45:00', '10:45:00', NULL, NULL, 'Auto-generated', 0, '2026-01-27 14:48:04', '2026-01-27 14:48:04'),
(1307, 3, 100010, 3, '2026-02-03', NULL, 18, '10:45:00', '11:45:00', NULL, NULL, 'Auto-generated', 0, '2026-01-27 14:48:04', '2026-01-27 14:48:04'),
(1308, 3, 100016, 2, '2026-02-03', NULL, 21, '14:00:00', '15:00:00', NULL, NULL, 'Auto-generated', 0, '2026-01-27 14:48:04', '2026-01-27 14:48:04'),
(1309, 3, 100020, 9, '2026-02-03', NULL, 23, '15:15:00', '16:15:00', NULL, NULL, 'Auto-generated', 0, '2026-01-27 14:48:04', '2026-01-27 14:48:04'),
(1310, 3, 100010, 5, '2026-02-03', NULL, 20, '13:00:00', '14:00:00', NULL, NULL, 'Auto-generated', 0, '2026-01-27 14:48:04', '2026-01-27 14:48:04'),
(1311, 3, 100017, 6, '2026-02-04', NULL, 14, '07:30:00', '08:30:00', NULL, NULL, 'Auto-generated', 0, '2026-01-27 14:48:04', '2026-01-27 14:48:04'),
(1312, 3, 100017, 7, '2026-02-04', NULL, 15, '08:30:00', '09:30:00', NULL, NULL, 'Auto-generated', 0, '2026-01-27 14:48:04', '2026-01-27 14:48:04'),
(1313, 3, 100020, 4, '2026-02-04', NULL, 17, '09:45:00', '10:45:00', NULL, NULL, 'Auto-generated', 0, '2026-01-27 14:48:04', '2026-01-27 14:48:04'),
(1314, 3, 100010, 3, '2026-02-04', NULL, 18, '10:45:00', '11:45:00', NULL, NULL, 'Auto-generated', 0, '2026-01-27 14:48:04', '2026-01-27 14:48:04'),
(1315, 3, 100016, 2, '2026-02-04', NULL, 21, '14:00:00', '15:00:00', NULL, NULL, 'Auto-generated', 0, '2026-01-27 14:48:04', '2026-01-27 14:48:04'),
(1316, 3, 100020, 9, '2026-02-04', NULL, 23, '15:15:00', '16:15:00', NULL, NULL, 'Auto-generated', 0, '2026-01-27 14:48:04', '2026-01-27 14:48:04'),
(1317, 3, 100010, 5, '2026-02-04', NULL, 20, '13:00:00', '14:00:00', NULL, NULL, 'Auto-generated', 0, '2026-01-27 14:48:04', '2026-01-27 14:48:04'),
(1318, 3, 100017, 6, '2026-02-05', NULL, 14, '07:30:00', '08:30:00', NULL, NULL, 'Auto-generated', 0, '2026-01-27 14:48:04', '2026-01-27 14:48:04'),
(1319, 3, 100017, 7, '2026-02-05', NULL, 15, '08:30:00', '09:30:00', NULL, NULL, 'Auto-generated', 0, '2026-01-27 14:48:04', '2026-01-27 14:48:04'),
(1320, 3, 100020, 4, '2026-02-05', NULL, 17, '09:45:00', '10:45:00', NULL, NULL, 'Auto-generated', 0, '2026-01-27 14:48:04', '2026-01-27 14:48:04'),
(1321, 3, 100010, 3, '2026-02-05', NULL, 18, '10:45:00', '11:45:00', NULL, NULL, 'Auto-generated', 0, '2026-01-27 14:48:04', '2026-01-27 14:48:04'),
(1322, 3, 100016, 2, '2026-02-05', NULL, 21, '14:00:00', '15:00:00', NULL, NULL, 'Auto-generated', 0, '2026-01-27 14:48:04', '2026-01-27 14:48:04'),
(1323, 3, 100020, 9, '2026-02-05', NULL, 23, '15:15:00', '16:15:00', NULL, NULL, 'Auto-generated', 0, '2026-01-27 14:48:04', '2026-01-27 14:48:04'),
(1324, 3, 100010, 5, '2026-02-05', NULL, 20, '13:00:00', '14:00:00', NULL, NULL, 'Auto-generated', 0, '2026-01-27 14:48:04', '2026-01-27 14:48:04'),
(1325, 3, 100017, 6, '2026-02-06', NULL, 14, '07:30:00', '08:30:00', NULL, NULL, 'Auto-generated', 0, '2026-01-27 14:48:05', '2026-01-27 14:48:05'),
(1326, 3, 100017, 7, '2026-02-06', NULL, 15, '08:30:00', '09:30:00', NULL, NULL, 'Auto-generated', 0, '2026-01-27 14:48:05', '2026-01-27 14:48:05'),
(1327, 3, 100020, 4, '2026-02-06', NULL, 17, '09:45:00', '10:45:00', NULL, NULL, 'Auto-generated', 0, '2026-01-27 14:48:05', '2026-01-27 14:48:05'),
(1328, 3, 100010, 3, '2026-02-06', NULL, 18, '10:45:00', '11:45:00', NULL, NULL, 'Auto-generated', 0, '2026-01-27 14:48:05', '2026-01-27 14:48:05'),
(1329, 3, 100016, 2, '2026-02-06', NULL, 21, '14:00:00', '15:00:00', NULL, NULL, 'Auto-generated', 0, '2026-01-27 14:48:05', '2026-01-27 14:48:05'),
(1330, 3, 100020, 9, '2026-02-06', NULL, 23, '15:15:00', '16:15:00', NULL, NULL, 'Auto-generated', 0, '2026-01-27 14:48:05', '2026-01-27 14:48:05'),
(1331, 3, 100010, 5, '2026-02-06', NULL, 20, '13:00:00', '14:00:00', NULL, NULL, 'Auto-generated', 0, '2026-01-27 14:48:05', '2026-01-27 14:48:05'),
(1402, 3, 100017, 6, '2026-02-23', NULL, 14, '07:30:00', '08:30:00', NULL, NULL, 'Auto-generated', 0, '2026-01-27 14:48:05', '2026-01-27 14:48:05'),
(1403, 3, 100017, 7, '2026-02-23', NULL, 15, '08:30:00', '09:30:00', NULL, NULL, 'Auto-generated', 0, '2026-01-27 14:48:05', '2026-01-27 14:48:05'),
(1404, 3, 100020, 4, '2026-02-23', NULL, 17, '09:45:00', '10:45:00', NULL, NULL, 'Auto-generated', 0, '2026-01-27 14:48:05', '2026-01-27 14:48:05'),
(1405, 3, 100010, 3, '2026-02-23', NULL, 18, '10:45:00', '11:45:00', NULL, NULL, 'Auto-generated', 0, '2026-01-27 14:48:05', '2026-01-27 14:48:05'),
(1406, 3, 100016, 2, '2026-02-23', NULL, 21, '14:00:00', '15:00:00', NULL, NULL, 'Auto-generated', 0, '2026-01-27 14:48:05', '2026-01-27 14:48:05'),
(1407, 3, 100020, 9, '2026-02-23', NULL, 23, '15:15:00', '16:15:00', NULL, NULL, 'Auto-generated', 0, '2026-01-27 14:48:05', '2026-01-27 14:48:05'),
(1408, 3, 100010, 5, '2026-02-23', NULL, 20, '13:00:00', '14:00:00', NULL, NULL, 'Auto-generated', 0, '2026-01-27 14:48:05', '2026-01-27 14:48:05'),
(1409, 3, 100017, 6, '2026-02-24', NULL, 14, '07:30:00', '08:30:00', NULL, NULL, 'Auto-generated', 0, '2026-01-27 14:48:05', '2026-01-27 14:48:05'),
(1410, 3, 100017, 7, '2026-02-24', NULL, 15, '08:30:00', '09:30:00', NULL, NULL, 'Auto-generated', 0, '2026-01-27 14:48:05', '2026-01-27 14:48:05'),
(1411, 3, 100020, 4, '2026-02-24', NULL, 17, '09:45:00', '10:45:00', NULL, NULL, 'Auto-generated', 0, '2026-01-27 14:48:05', '2026-01-27 14:48:05'),
(1412, 3, 100010, 3, '2026-02-24', NULL, 18, '10:45:00', '11:45:00', NULL, NULL, 'Auto-generated', 0, '2026-01-27 14:48:05', '2026-01-27 14:48:05'),
(1413, 3, 100016, 2, '2026-02-24', NULL, 21, '14:00:00', '15:00:00', NULL, NULL, 'Auto-generated', 0, '2026-01-27 14:48:05', '2026-01-27 14:48:05'),
(1414, 3, 100020, 9, '2026-02-24', NULL, 23, '15:15:00', '16:15:00', NULL, NULL, 'Auto-generated', 0, '2026-01-27 14:48:05', '2026-01-27 14:48:05'),
(1415, 3, 100010, 5, '2026-02-24', NULL, 20, '13:00:00', '14:00:00', NULL, NULL, 'Auto-generated', 0, '2026-01-27 14:48:05', '2026-01-27 14:48:05'),
(1416, 3, 100017, 6, '2026-02-25', NULL, 14, '07:30:00', '08:30:00', NULL, NULL, 'Auto-generated', 0, '2026-01-27 14:48:05', '2026-01-27 14:48:05'),
(1417, 3, 100017, 7, '2026-02-25', NULL, 15, '08:30:00', '09:30:00', NULL, NULL, 'Auto-generated', 0, '2026-01-27 14:48:05', '2026-01-27 14:48:05'),
(1418, 3, 100020, 4, '2026-02-25', NULL, 17, '09:45:00', '10:45:00', NULL, NULL, 'Auto-generated', 0, '2026-01-27 14:48:05', '2026-01-27 14:48:05'),
(1419, 3, 100010, 3, '2026-02-25', NULL, 18, '10:45:00', '11:45:00', NULL, NULL, 'Auto-generated', 0, '2026-01-27 14:48:05', '2026-01-27 14:48:05'),
(1420, 3, 100016, 2, '2026-02-25', NULL, 21, '14:00:00', '15:00:00', NULL, NULL, 'Auto-generated', 0, '2026-01-27 14:48:05', '2026-01-27 14:48:05'),
(1421, 3, 100020, 9, '2026-02-25', NULL, 23, '15:15:00', '16:15:00', NULL, NULL, 'Auto-generated', 0, '2026-01-27 14:48:05', '2026-01-27 14:48:05'),
(1422, 3, 100010, 5, '2026-02-25', NULL, 20, '13:00:00', '14:00:00', NULL, NULL, 'Auto-generated', 0, '2026-01-27 14:48:05', '2026-01-27 14:48:05'),
(1423, 3, 100017, 6, '2026-02-26', NULL, 14, '07:30:00', '08:30:00', NULL, NULL, 'Auto-generated', 0, '2026-01-27 14:48:05', '2026-01-27 14:48:05'),
(1424, 3, 100017, 7, '2026-02-26', NULL, 15, '08:30:00', '09:30:00', NULL, NULL, 'Auto-generated', 0, '2026-01-27 14:48:05', '2026-01-27 14:48:05'),
(1425, 3, 100020, 4, '2026-02-26', NULL, 17, '09:45:00', '10:45:00', NULL, NULL, 'Auto-generated', 0, '2026-01-27 14:48:05', '2026-01-27 14:48:05'),
(1426, 3, 100010, 3, '2026-02-26', NULL, 18, '10:45:00', '11:45:00', NULL, NULL, 'Auto-generated', 0, '2026-01-27 14:48:05', '2026-01-27 14:48:05'),
(1427, 3, 100016, 2, '2026-02-26', NULL, 21, '14:00:00', '15:00:00', NULL, NULL, 'Auto-generated', 0, '2026-01-27 14:48:05', '2026-01-27 14:48:05'),
(1428, 3, 100020, 9, '2026-02-26', NULL, 23, '15:15:00', '16:15:00', NULL, NULL, 'Auto-generated', 0, '2026-01-27 14:48:05', '2026-01-27 14:48:05'),
(1429, 3, 100010, 5, '2026-02-26', NULL, 20, '13:00:00', '14:00:00', NULL, NULL, 'Auto-generated', 0, '2026-01-27 14:48:05', '2026-01-27 14:48:05'),
(1430, 3, 100017, 6, '2026-02-27', NULL, 14, '07:30:00', '08:30:00', NULL, NULL, 'Auto-generated', 0, '2026-01-27 14:48:05', '2026-01-27 14:48:05'),
(1431, 3, 100017, 7, '2026-02-27', NULL, 15, '08:30:00', '09:30:00', NULL, NULL, 'Auto-generated', 0, '2026-01-27 14:48:05', '2026-01-27 14:48:05'),
(1432, 3, 100020, 4, '2026-02-27', NULL, 17, '09:45:00', '10:45:00', NULL, NULL, 'Auto-generated', 0, '2026-01-27 14:48:05', '2026-01-27 14:48:05'),
(1433, 3, 100010, 3, '2026-02-27', NULL, 18, '10:45:00', '11:45:00', NULL, NULL, 'Auto-generated', 0, '2026-01-27 14:48:05', '2026-01-27 14:48:05'),
(1434, 3, 100016, 2, '2026-02-27', NULL, 21, '14:00:00', '15:00:00', NULL, NULL, 'Auto-generated', 0, '2026-01-27 14:48:05', '2026-01-27 14:48:05'),
(1435, 3, 100020, 9, '2026-02-27', NULL, 23, '15:15:00', '16:15:00', NULL, NULL, 'Auto-generated', 0, '2026-01-27 14:48:05', '2026-01-27 14:48:05'),
(1436, 3, 100010, 5, '2026-02-27', NULL, 20, '13:00:00', '14:00:00', NULL, NULL, 'Auto-generated', 0, '2026-01-27 14:48:05', '2026-01-27 14:48:05'),
(1507, 3, 100017, 6, '2026-02-09', NULL, 14, '07:30:00', '08:30:00', NULL, NULL, 'Auto-generated', 0, '2026-01-27 14:58:37', '2026-01-27 14:58:37'),
(1508, 3, 100017, 7, '2026-02-09', NULL, 15, '08:30:00', '09:30:00', NULL, NULL, 'Auto-generated', 0, '2026-01-27 14:58:37', '2026-01-27 14:58:37'),
(1509, 3, 100020, 4, '2026-02-09', NULL, 17, '09:45:00', '10:45:00', NULL, NULL, 'Auto-generated', 0, '2026-01-27 14:58:37', '2026-01-27 14:58:37'),
(1510, 3, 100010, 3, '2026-02-09', NULL, 18, '10:45:00', '11:45:00', NULL, NULL, 'Auto-generated', 0, '2026-01-27 14:58:37', '2026-01-27 14:58:37'),
(1511, 3, 100016, 2, '2026-02-09', NULL, 21, '14:00:00', '15:00:00', NULL, NULL, 'Auto-generated', 0, '2026-01-27 14:58:37', '2026-01-27 14:58:37'),
(1512, 3, 100020, 9, '2026-02-09', NULL, 23, '15:15:00', '16:15:00', NULL, NULL, 'Auto-generated', 0, '2026-01-27 14:58:37', '2026-01-27 14:58:37'),
(1513, 3, 100010, 5, '2026-02-09', NULL, 20, '13:00:00', '14:00:00', NULL, NULL, 'Auto-generated', 0, '2026-01-27 14:58:37', '2026-01-27 14:58:37'),
(1514, 3, 100017, 6, '2026-02-10', NULL, 14, '07:30:00', '08:30:00', NULL, NULL, 'Auto-generated', 0, '2026-01-27 14:58:37', '2026-01-27 14:58:37'),
(1515, 3, 100017, 7, '2026-02-10', NULL, 15, '08:30:00', '09:30:00', NULL, NULL, 'Auto-generated', 0, '2026-01-27 14:58:37', '2026-01-27 14:58:37'),
(1516, 3, 100020, 4, '2026-02-10', NULL, 17, '09:45:00', '10:45:00', NULL, NULL, 'Auto-generated', 0, '2026-01-27 14:58:37', '2026-01-27 14:58:37'),
(1517, 3, 100010, 3, '2026-02-10', NULL, 18, '10:45:00', '11:45:00', NULL, NULL, 'Auto-generated', 0, '2026-01-27 14:58:37', '2026-01-27 14:58:37'),
(1518, 3, 100016, 2, '2026-02-10', NULL, 21, '14:00:00', '15:00:00', NULL, NULL, 'Auto-generated', 0, '2026-01-27 14:58:37', '2026-01-27 14:58:37'),
(1519, 3, 100020, 9, '2026-02-10', NULL, 23, '15:15:00', '16:15:00', NULL, NULL, 'Auto-generated', 0, '2026-01-27 14:58:37', '2026-01-27 14:58:37'),
(1520, 3, 100010, 5, '2026-02-10', NULL, 20, '13:00:00', '14:00:00', NULL, NULL, 'Auto-generated', 0, '2026-01-27 14:58:37', '2026-01-27 14:58:37'),
(1521, 3, 100017, 6, '2026-02-11', NULL, 14, '07:30:00', '08:30:00', NULL, NULL, 'Auto-generated', 0, '2026-01-27 14:58:37', '2026-01-27 14:58:37'),
(1522, 3, 100017, 7, '2026-02-11', NULL, 15, '08:30:00', '09:30:00', NULL, NULL, 'Auto-generated', 0, '2026-01-27 14:58:37', '2026-01-27 14:58:37'),
(1523, 3, 100020, 4, '2026-02-11', NULL, 17, '09:45:00', '10:45:00', NULL, NULL, 'Auto-generated', 0, '2026-01-27 14:58:37', '2026-01-27 14:58:37'),
(1524, 3, 100010, 3, '2026-02-11', NULL, 18, '10:45:00', '11:45:00', NULL, NULL, 'Auto-generated', 0, '2026-01-27 14:58:37', '2026-01-27 14:58:37'),
(1525, 3, 100016, 2, '2026-02-11', NULL, 21, '14:00:00', '15:00:00', NULL, NULL, 'Auto-generated', 0, '2026-01-27 14:58:37', '2026-01-27 14:58:37'),
(1526, 3, 100020, 9, '2026-02-11', NULL, 23, '15:15:00', '16:15:00', NULL, NULL, 'Auto-generated', 0, '2026-01-27 14:58:37', '2026-01-27 14:58:37'),
(1527, 3, 100010, 5, '2026-02-11', NULL, 20, '13:00:00', '14:00:00', NULL, NULL, 'Auto-generated', 0, '2026-01-27 14:58:37', '2026-01-27 14:58:37'),
(1528, 3, 100017, 6, '2026-02-12', NULL, 14, '07:30:00', '08:30:00', NULL, NULL, 'Auto-generated', 0, '2026-01-27 14:58:37', '2026-01-27 14:58:37'),
(1529, 3, 100017, 7, '2026-02-12', NULL, 15, '08:30:00', '09:30:00', NULL, NULL, 'Auto-generated', 0, '2026-01-27 14:58:37', '2026-01-27 14:58:37'),
(1530, 3, 100020, 4, '2026-02-12', NULL, 17, '09:45:00', '10:45:00', NULL, NULL, 'Auto-generated', 0, '2026-01-27 14:58:37', '2026-01-27 14:58:37'),
(1531, 3, 100010, 3, '2026-02-12', NULL, 18, '10:45:00', '11:45:00', NULL, NULL, 'Auto-generated', 0, '2026-01-27 14:58:37', '2026-01-27 14:58:37'),
(1532, 3, 100016, 2, '2026-02-12', NULL, 21, '14:00:00', '15:00:00', NULL, NULL, 'Auto-generated', 0, '2026-01-27 14:58:37', '2026-01-27 14:58:37'),
(1533, 3, 100020, 9, '2026-02-12', NULL, 23, '15:15:00', '16:15:00', NULL, NULL, 'Auto-generated', 0, '2026-01-27 14:58:37', '2026-01-27 14:58:37'),
(1534, 3, 100010, 5, '2026-02-12', NULL, 20, '13:00:00', '14:00:00', NULL, NULL, 'Auto-generated', 0, '2026-01-27 14:58:37', '2026-01-27 14:58:37'),
(1535, 3, 100017, 6, '2026-02-13', NULL, 14, '07:30:00', '08:30:00', NULL, NULL, 'Auto-generated', 0, '2026-01-27 14:58:37', '2026-01-27 14:58:37'),
(1536, 3, 100017, 7, '2026-02-13', NULL, 15, '08:30:00', '09:30:00', NULL, NULL, 'Auto-generated', 0, '2026-01-27 14:58:37', '2026-01-27 14:58:37'),
(1537, 3, 100020, 4, '2026-02-13', NULL, 17, '09:45:00', '10:45:00', NULL, NULL, 'Auto-generated', 0, '2026-01-27 14:58:37', '2026-01-27 14:58:37'),
(1538, 3, 100010, 3, '2026-02-13', NULL, 18, '10:45:00', '11:45:00', NULL, NULL, 'Auto-generated', 0, '2026-01-27 14:58:37', '2026-01-27 14:58:37'),
(1539, 3, 100016, 2, '2026-02-13', NULL, 21, '14:00:00', '15:00:00', NULL, NULL, 'Auto-generated', 0, '2026-01-27 14:58:37', '2026-01-27 14:58:37'),
(1540, 3, 100020, 9, '2026-02-13', NULL, 23, '15:15:00', '16:15:00', NULL, NULL, 'Auto-generated', 0, '2026-01-27 14:58:37', '2026-01-27 14:58:37'),
(1541, 3, 100010, 5, '2026-02-13', NULL, 20, '13:00:00', '14:00:00', NULL, NULL, 'Auto-generated', 0, '2026-01-27 14:58:37', '2026-01-27 14:58:37'),
(1612, 2, 100017, 6, '2026-02-02', NULL, 37, '07:30:00', '08:30:00', NULL, NULL, 'Auto-generated', 0, '2026-01-27 15:07:43', '2026-01-27 15:07:43'),
(1613, 2, 100017, 7, '2026-02-02', NULL, 38, '08:30:00', '09:30:00', NULL, NULL, 'Auto-generated', 0, '2026-01-27 15:07:43', '2026-01-27 15:07:43'),
(1614, 2, 100020, 4, '2026-02-02', NULL, 40, '09:45:00', '10:45:00', NULL, NULL, 'Auto-generated', 0, '2026-01-27 15:07:43', '2026-01-27 15:07:43'),
(1615, 2, 100010, 3, '2026-02-02', NULL, 41, '10:45:00', '11:45:00', NULL, NULL, 'Auto-generated', 0, '2026-01-27 15:07:43', '2026-01-27 15:07:43'),
(1616, 2, 100010, 5, '2026-02-02', NULL, 43, '13:00:00', '14:00:00', NULL, NULL, 'Auto-generated', 0, '2026-01-27 15:07:43', '2026-01-27 15:07:43'),
(1617, 2, 100020, 2, '2026-02-02', NULL, 44, '14:00:00', '15:00:00', NULL, NULL, 'Auto-generated', 0, '2026-01-27 15:07:43', '2026-01-27 15:07:43'),
(1618, 2, 100020, 8, '2026-02-02', NULL, 46, '15:15:00', '16:15:00', NULL, NULL, 'Auto-generated', 0, '2026-01-27 15:07:43', '2026-01-27 15:07:43'),
(1619, 2, 100017, 6, '2026-02-03', NULL, 37, '07:30:00', '08:30:00', NULL, NULL, 'Auto-generated', 0, '2026-01-27 15:07:43', '2026-01-27 15:07:43'),
(1620, 2, 100017, 7, '2026-02-03', NULL, 38, '08:30:00', '09:30:00', NULL, NULL, 'Auto-generated', 0, '2026-01-27 15:07:43', '2026-01-27 15:07:43'),
(1621, 2, 100020, 4, '2026-02-03', NULL, 40, '09:45:00', '10:45:00', NULL, NULL, 'Auto-generated', 0, '2026-01-27 15:07:43', '2026-01-27 15:07:43'),
(1622, 2, 100010, 3, '2026-02-03', NULL, 41, '10:45:00', '11:45:00', NULL, NULL, 'Auto-generated', 0, '2026-01-27 15:07:43', '2026-01-27 15:07:43'),
(1623, 2, 100010, 5, '2026-02-03', NULL, 43, '13:00:00', '14:00:00', NULL, NULL, 'Auto-generated', 0, '2026-01-27 15:07:43', '2026-01-27 15:07:43'),
(1624, 2, 100020, 2, '2026-02-03', NULL, 44, '14:00:00', '15:00:00', NULL, NULL, 'Auto-generated', 0, '2026-01-27 15:07:43', '2026-01-27 15:07:43'),
(1625, 2, 100020, 8, '2026-02-03', NULL, 46, '15:15:00', '16:15:00', NULL, NULL, 'Auto-generated', 0, '2026-01-27 15:07:43', '2026-01-27 15:07:43'),
(1626, 2, 100017, 6, '2026-02-04', NULL, 37, '07:30:00', '08:30:00', NULL, NULL, 'Auto-generated', 0, '2026-01-27 15:07:43', '2026-01-27 15:07:43'),
(1627, 2, 100017, 7, '2026-02-04', NULL, 38, '08:30:00', '09:30:00', NULL, NULL, 'Auto-generated', 0, '2026-01-27 15:07:43', '2026-01-27 15:07:43'),
(1628, 2, 100020, 4, '2026-02-04', NULL, 40, '09:45:00', '10:45:00', NULL, NULL, 'Auto-generated', 0, '2026-01-27 15:07:43', '2026-01-27 15:07:43'),
(1629, 2, 100010, 3, '2026-02-04', NULL, 41, '10:45:00', '11:45:00', NULL, NULL, 'Auto-generated', 0, '2026-01-27 15:07:43', '2026-01-27 15:07:43'),
(1630, 2, 100010, 5, '2026-02-04', NULL, 43, '13:00:00', '14:00:00', NULL, NULL, 'Auto-generated', 0, '2026-01-27 15:07:43', '2026-01-27 15:07:43'),
(1631, 2, 100020, 2, '2026-02-04', NULL, 44, '14:00:00', '15:00:00', NULL, NULL, 'Auto-generated', 0, '2026-01-27 15:07:43', '2026-01-27 15:07:43'),
(1632, 2, 100020, 8, '2026-02-04', NULL, 46, '15:15:00', '16:15:00', NULL, NULL, 'Auto-generated', 0, '2026-01-27 15:07:43', '2026-01-27 15:07:43'),
(1633, 2, 100017, 6, '2026-02-05', NULL, 37, '07:30:00', '08:30:00', NULL, NULL, 'Auto-generated', 0, '2026-01-27 15:07:43', '2026-01-27 15:07:43'),
(1634, 2, 100017, 7, '2026-02-05', NULL, 38, '08:30:00', '09:30:00', NULL, NULL, 'Auto-generated', 0, '2026-01-27 15:07:43', '2026-01-27 15:07:43'),
(1635, 2, 100020, 4, '2026-02-05', NULL, 40, '09:45:00', '10:45:00', NULL, NULL, 'Auto-generated', 0, '2026-01-27 15:07:43', '2026-01-27 15:07:43'),
(1636, 2, 100010, 3, '2026-02-05', NULL, 41, '10:45:00', '11:45:00', NULL, NULL, 'Auto-generated', 0, '2026-01-27 15:07:43', '2026-01-27 15:07:43'),
(1637, 2, 100010, 5, '2026-02-05', NULL, 43, '13:00:00', '14:00:00', NULL, NULL, 'Auto-generated', 0, '2026-01-27 15:07:43', '2026-01-27 15:07:43'),
(1638, 2, 100020, 2, '2026-02-05', NULL, 44, '14:00:00', '15:00:00', NULL, NULL, 'Auto-generated', 0, '2026-01-27 15:07:43', '2026-01-27 15:07:43'),
(1639, 2, 100020, 8, '2026-02-05', NULL, 46, '15:15:00', '16:15:00', NULL, NULL, 'Auto-generated', 0, '2026-01-27 15:07:43', '2026-01-27 15:07:43'),
(1640, 2, 100017, 6, '2026-02-06', NULL, 37, '07:30:00', '08:30:00', NULL, NULL, 'Auto-generated', 0, '2026-01-27 15:07:43', '2026-01-27 15:07:43'),
(1641, 2, 100017, 7, '2026-02-06', NULL, 38, '08:30:00', '09:30:00', NULL, NULL, 'Auto-generated', 0, '2026-01-27 15:07:43', '2026-01-27 15:07:43'),
(1642, 2, 100020, 4, '2026-02-06', NULL, 40, '09:45:00', '10:45:00', NULL, NULL, 'Auto-generated', 0, '2026-01-27 15:07:43', '2026-01-27 15:07:43'),
(1643, 2, 100010, 3, '2026-02-06', NULL, 41, '10:45:00', '11:45:00', NULL, NULL, 'Auto-generated', 0, '2026-01-27 15:07:43', '2026-01-27 15:07:43'),
(1644, 2, 100010, 5, '2026-02-06', NULL, 43, '13:00:00', '14:00:00', NULL, NULL, 'Auto-generated', 0, '2026-01-27 15:07:43', '2026-01-27 15:07:43'),
(1645, 2, 100020, 2, '2026-02-06', NULL, 44, '14:00:00', '15:00:00', NULL, NULL, 'Auto-generated', 0, '2026-01-27 15:07:43', '2026-01-27 15:07:43'),
(1646, 2, 100020, 8, '2026-02-06', NULL, 46, '15:15:00', '16:15:00', NULL, NULL, 'Auto-generated', 0, '2026-01-27 15:07:43', '2026-01-27 15:07:43'),
(1647, 2, 100017, 6, '2026-02-09', NULL, 37, '07:30:00', '08:30:00', NULL, NULL, 'Auto-generated', 0, '2026-01-27 15:07:43', '2026-01-27 15:07:43'),
(1648, 2, 100017, 7, '2026-02-09', NULL, 38, '08:30:00', '09:30:00', NULL, NULL, 'Auto-generated', 0, '2026-01-27 15:07:43', '2026-01-27 15:07:43'),
(1649, 2, 100020, 4, '2026-02-09', NULL, 40, '09:45:00', '10:45:00', NULL, NULL, 'Auto-generated', 0, '2026-01-27 15:07:43', '2026-01-27 15:07:43'),
(1650, 2, 100010, 3, '2026-02-09', NULL, 41, '10:45:00', '11:45:00', NULL, NULL, 'Auto-generated', 0, '2026-01-27 15:07:43', '2026-01-27 15:07:43'),
(1651, 2, 100010, 5, '2026-02-09', NULL, 43, '13:00:00', '14:00:00', NULL, NULL, 'Auto-generated', 0, '2026-01-27 15:07:43', '2026-01-27 15:07:43'),
(1652, 2, 100020, 2, '2026-02-09', NULL, 44, '14:00:00', '15:00:00', NULL, NULL, 'Auto-generated', 0, '2026-01-27 15:07:43', '2026-01-27 15:07:43'),
(1653, 2, 100020, 8, '2026-02-09', NULL, 46, '15:15:00', '16:15:00', NULL, NULL, 'Auto-generated', 0, '2026-01-27 15:07:43', '2026-01-27 15:07:43'),
(1654, 2, 100017, 6, '2026-02-10', NULL, 37, '07:30:00', '08:30:00', NULL, NULL, 'Auto-generated', 0, '2026-01-27 15:07:43', '2026-01-27 15:07:43'),
(1655, 2, 100017, 7, '2026-02-10', NULL, 38, '08:30:00', '09:30:00', NULL, NULL, 'Auto-generated', 0, '2026-01-27 15:07:43', '2026-01-27 15:07:43'),
(1656, 2, 100020, 4, '2026-02-10', NULL, 40, '09:45:00', '10:45:00', NULL, NULL, 'Auto-generated', 0, '2026-01-27 15:07:43', '2026-01-27 15:07:43'),
(1657, 2, 100010, 3, '2026-02-10', NULL, 41, '10:45:00', '11:45:00', NULL, NULL, 'Auto-generated', 0, '2026-01-27 15:07:43', '2026-01-27 15:07:43'),
(1658, 2, 100010, 5, '2026-02-10', NULL, 43, '13:00:00', '14:00:00', NULL, NULL, 'Auto-generated', 0, '2026-01-27 15:07:43', '2026-01-27 15:07:43'),
(1659, 2, 100020, 2, '2026-02-10', NULL, 44, '14:00:00', '15:00:00', NULL, NULL, 'Auto-generated', 0, '2026-01-27 15:07:43', '2026-01-27 15:07:43'),
(1660, 2, 100020, 8, '2026-02-10', NULL, 46, '15:15:00', '16:15:00', NULL, NULL, 'Auto-generated', 0, '2026-01-27 15:07:43', '2026-01-27 15:07:43'),
(1661, 2, 100017, 6, '2026-02-11', NULL, 37, '07:30:00', '08:30:00', NULL, NULL, 'Auto-generated', 0, '2026-01-27 15:07:43', '2026-01-27 15:07:43'),
(1662, 2, 100017, 7, '2026-02-11', NULL, 38, '08:30:00', '09:30:00', NULL, NULL, 'Auto-generated', 0, '2026-01-27 15:07:43', '2026-01-27 15:07:43'),
(1663, 2, 100020, 4, '2026-02-11', NULL, 40, '09:45:00', '10:45:00', NULL, NULL, 'Auto-generated', 0, '2026-01-27 15:07:43', '2026-01-27 15:07:43'),
(1664, 2, 100010, 3, '2026-02-11', NULL, 41, '10:45:00', '11:45:00', NULL, NULL, 'Auto-generated', 0, '2026-01-27 15:07:43', '2026-01-27 15:07:43'),
(1665, 2, 100010, 5, '2026-02-11', NULL, 43, '13:00:00', '14:00:00', NULL, NULL, 'Auto-generated', 0, '2026-01-27 15:07:43', '2026-01-27 15:07:43'),
(1666, 2, 100020, 2, '2026-02-11', NULL, 44, '14:00:00', '15:00:00', NULL, NULL, 'Auto-generated', 0, '2026-01-27 15:07:43', '2026-01-27 15:07:43'),
(1667, 2, 100020, 8, '2026-02-11', NULL, 46, '15:15:00', '16:15:00', NULL, NULL, 'Auto-generated', 0, '2026-01-27 15:07:43', '2026-01-27 15:07:43'),
(1668, 2, 100017, 6, '2026-02-12', NULL, 37, '07:30:00', '08:30:00', NULL, NULL, 'Auto-generated', 0, '2026-01-27 15:07:43', '2026-01-27 15:07:43'),
(1669, 2, 100017, 7, '2026-02-12', NULL, 38, '08:30:00', '09:30:00', NULL, NULL, 'Auto-generated', 0, '2026-01-27 15:07:43', '2026-01-27 15:07:43'),
(1670, 2, 100020, 4, '2026-02-12', NULL, 40, '09:45:00', '10:45:00', NULL, NULL, 'Auto-generated', 0, '2026-01-27 15:07:43', '2026-01-27 15:07:43'),
(1671, 2, 100010, 3, '2026-02-12', NULL, 41, '10:45:00', '11:45:00', NULL, NULL, 'Auto-generated', 0, '2026-01-27 15:07:43', '2026-01-27 15:07:43'),
(1672, 2, 100010, 5, '2026-02-12', NULL, 43, '13:00:00', '14:00:00', NULL, NULL, 'Auto-generated', 0, '2026-01-27 15:07:43', '2026-01-27 15:07:43'),
(1673, 2, 100020, 2, '2026-02-12', NULL, 44, '14:00:00', '15:00:00', NULL, NULL, 'Auto-generated', 0, '2026-01-27 15:07:43', '2026-01-27 15:07:43'),
(1674, 2, 100020, 8, '2026-02-12', NULL, 46, '15:15:00', '16:15:00', NULL, NULL, 'Auto-generated', 0, '2026-01-27 15:07:43', '2026-01-27 15:07:43'),
(1675, 2, 100017, 6, '2026-02-13', NULL, 37, '07:30:00', '08:30:00', NULL, NULL, 'Auto-generated', 0, '2026-01-27 15:07:43', '2026-01-27 15:07:43'),
(1676, 2, 100017, 7, '2026-02-13', NULL, 38, '08:30:00', '09:30:00', NULL, NULL, 'Auto-generated', 0, '2026-01-27 15:07:43', '2026-01-27 15:07:43'),
(1677, 2, 100020, 4, '2026-02-13', NULL, 40, '09:45:00', '10:45:00', NULL, NULL, 'Auto-generated', 0, '2026-01-27 15:07:43', '2026-01-27 15:07:43'),
(1678, 2, 100010, 3, '2026-02-13', NULL, 41, '10:45:00', '11:45:00', NULL, NULL, 'Auto-generated', 0, '2026-01-27 15:07:43', '2026-01-27 15:07:43'),
(1679, 2, 100010, 5, '2026-02-13', NULL, 43, '13:00:00', '14:00:00', NULL, NULL, 'Auto-generated', 0, '2026-01-27 15:07:43', '2026-01-27 15:07:43'),
(1680, 2, 100020, 2, '2026-02-13', NULL, 44, '14:00:00', '15:00:00', NULL, NULL, 'Auto-generated', 0, '2026-01-27 15:07:43', '2026-01-27 15:07:43'),
(1681, 2, 100020, 8, '2026-02-13', NULL, 46, '15:15:00', '16:15:00', NULL, NULL, 'Auto-generated', 0, '2026-01-27 15:07:43', '2026-01-27 15:07:43'),
(1717, 2, 100017, 6, '2026-02-23', NULL, 37, '07:30:00', '08:30:00', NULL, NULL, 'Auto-generated', 0, '2026-01-27 15:07:43', '2026-01-27 15:07:43'),
(1718, 2, 100017, 7, '2026-02-23', NULL, 38, '08:30:00', '09:30:00', NULL, NULL, 'Auto-generated', 0, '2026-01-27 15:07:43', '2026-01-27 15:07:43'),
(1719, 2, 100020, 4, '2026-02-23', NULL, 40, '09:45:00', '10:45:00', NULL, NULL, 'Auto-generated', 0, '2026-01-27 15:07:43', '2026-01-27 15:07:43'),
(1720, 2, 100010, 3, '2026-02-23', NULL, 41, '10:45:00', '11:45:00', NULL, NULL, 'Auto-generated', 0, '2026-01-27 15:07:43', '2026-01-27 15:07:43'),
(1721, 2, 100010, 5, '2026-02-23', NULL, 43, '13:00:00', '14:00:00', NULL, NULL, 'Auto-generated', 0, '2026-01-27 15:07:43', '2026-01-27 15:07:43'),
(1722, 2, 100020, 2, '2026-02-23', NULL, 44, '14:00:00', '15:00:00', NULL, NULL, 'Auto-generated', 0, '2026-01-27 15:07:43', '2026-01-27 15:07:43'),
(1723, 2, 100020, 8, '2026-02-23', NULL, 46, '15:15:00', '16:15:00', NULL, NULL, 'Auto-generated', 0, '2026-01-27 15:07:43', '2026-01-27 15:07:43'),
(1724, 2, 100017, 6, '2026-02-24', NULL, 37, '07:30:00', '08:30:00', NULL, NULL, 'Auto-generated', 0, '2026-01-27 15:07:43', '2026-01-27 15:07:43'),
(1725, 2, 100017, 7, '2026-02-24', NULL, 38, '08:30:00', '09:30:00', NULL, NULL, 'Auto-generated', 0, '2026-01-27 15:07:43', '2026-01-27 15:07:43'),
(1726, 2, 100020, 4, '2026-02-24', NULL, 40, '09:45:00', '10:45:00', NULL, NULL, 'Auto-generated', 0, '2026-01-27 15:07:43', '2026-01-27 15:07:43'),
(1727, 2, 100010, 3, '2026-02-24', NULL, 41, '10:45:00', '11:45:00', NULL, NULL, 'Auto-generated', 0, '2026-01-27 15:07:43', '2026-01-27 15:07:43'),
(1728, 2, 100010, 5, '2026-02-24', NULL, 43, '13:00:00', '14:00:00', NULL, NULL, 'Auto-generated', 0, '2026-01-27 15:07:43', '2026-01-27 15:07:43'),
(1729, 2, 100020, 2, '2026-02-24', NULL, 44, '14:00:00', '15:00:00', NULL, NULL, 'Auto-generated', 0, '2026-01-27 15:07:43', '2026-01-27 15:07:43'),
(1730, 2, 100020, 8, '2026-02-24', NULL, 46, '15:15:00', '16:15:00', NULL, NULL, 'Auto-generated', 0, '2026-01-27 15:07:43', '2026-01-27 15:07:43'),
(1731, 2, 100017, 6, '2026-02-25', NULL, 37, '07:30:00', '08:30:00', NULL, NULL, 'Auto-generated', 0, '2026-01-27 15:07:43', '2026-01-27 15:07:43'),
(1732, 2, 100017, 7, '2026-02-25', NULL, 38, '08:30:00', '09:30:00', NULL, NULL, 'Auto-generated', 0, '2026-01-27 15:07:43', '2026-01-27 15:07:43'),
(1733, 2, 100020, 4, '2026-02-25', NULL, 40, '09:45:00', '10:45:00', NULL, NULL, 'Auto-generated', 0, '2026-01-27 15:07:43', '2026-01-27 15:07:43'),
(1734, 2, 100010, 3, '2026-02-25', NULL, 41, '10:45:00', '11:45:00', NULL, NULL, 'Auto-generated', 0, '2026-01-27 15:07:43', '2026-01-27 15:07:43'),
(1735, 2, 100010, 5, '2026-02-25', NULL, 43, '13:00:00', '14:00:00', NULL, NULL, 'Auto-generated', 0, '2026-01-27 15:07:43', '2026-01-27 15:07:43'),
(1736, 2, 100020, 2, '2026-02-25', NULL, 44, '14:00:00', '15:00:00', NULL, NULL, 'Auto-generated', 0, '2026-01-27 15:07:43', '2026-01-27 15:07:43'),
(1737, 2, 100020, 8, '2026-02-25', NULL, 46, '15:15:00', '16:15:00', NULL, NULL, 'Auto-generated', 0, '2026-01-27 15:07:43', '2026-01-27 15:07:43'),
(1738, 2, 100017, 6, '2026-02-26', NULL, 37, '07:30:00', '08:30:00', NULL, NULL, 'Auto-generated', 0, '2026-01-27 15:07:43', '2026-01-27 15:07:43'),
(1739, 2, 100017, 7, '2026-02-26', NULL, 38, '08:30:00', '09:30:00', NULL, NULL, 'Auto-generated', 0, '2026-01-27 15:07:43', '2026-01-27 15:07:43'),
(1740, 2, 100020, 4, '2026-02-26', NULL, 40, '09:45:00', '10:45:00', NULL, NULL, 'Auto-generated', 0, '2026-01-27 15:07:43', '2026-01-27 15:07:43'),
(1741, 2, 100010, 3, '2026-02-26', NULL, 41, '10:45:00', '11:45:00', NULL, NULL, 'Auto-generated', 0, '2026-01-27 15:07:43', '2026-01-27 15:07:43'),
(1742, 2, 100010, 5, '2026-02-26', NULL, 43, '13:00:00', '14:00:00', NULL, NULL, 'Auto-generated', 0, '2026-01-27 15:07:43', '2026-01-27 15:07:43'),
(1743, 2, 100020, 2, '2026-02-26', NULL, 44, '14:00:00', '15:00:00', NULL, NULL, 'Auto-generated', 0, '2026-01-27 15:07:43', '2026-01-27 15:07:43'),
(1744, 2, 100020, 8, '2026-02-26', NULL, 46, '15:15:00', '16:15:00', NULL, NULL, 'Auto-generated', 0, '2026-01-27 15:07:43', '2026-01-27 15:07:43'),
(1745, 2, 100017, 6, '2026-02-27', NULL, 37, '07:30:00', '08:30:00', NULL, NULL, 'Auto-generated', 0, '2026-01-27 15:07:43', '2026-01-27 15:07:43'),
(1746, 2, 100017, 7, '2026-02-27', NULL, 38, '08:30:00', '09:30:00', NULL, NULL, 'Auto-generated', 0, '2026-01-27 15:07:43', '2026-01-27 15:07:43'),
(1747, 2, 100020, 4, '2026-02-27', NULL, 40, '09:45:00', '10:45:00', NULL, NULL, 'Auto-generated', 0, '2026-01-27 15:07:43', '2026-01-27 15:07:43'),
(1748, 2, 100010, 3, '2026-02-27', NULL, 41, '10:45:00', '11:45:00', NULL, NULL, 'Auto-generated', 0, '2026-01-27 15:07:43', '2026-01-27 15:07:43'),
(1749, 2, 100010, 5, '2026-02-27', NULL, 43, '13:00:00', '14:00:00', NULL, NULL, 'Auto-generated', 0, '2026-01-27 15:07:43', '2026-01-27 15:07:43'),
(1750, 2, 100020, 2, '2026-02-27', NULL, 44, '14:00:00', '15:00:00', NULL, NULL, 'Auto-generated', 0, '2026-01-27 15:07:43', '2026-01-27 15:07:43'),
(1751, 2, 100020, 8, '2026-02-27', NULL, 46, '15:15:00', '16:15:00', NULL, NULL, 'Auto-generated', 0, '2026-01-27 15:07:43', '2026-01-27 15:07:43'),
(2468, 3, 100017, 6, '2026-01-29', NULL, 14, '07:30:00', '08:30:00', NULL, NULL, 'Auto-generated', 0, '2026-01-28 01:40:07', '2026-01-28 01:40:07'),
(2517, 3, 100017, 6, '2026-03-02', NULL, 14, '07:30:00', '08:30:00', NULL, NULL, 'Auto-generated', 0, '2026-02-08 13:08:11', '2026-02-08 13:08:11'),
(2518, 3, 100019, 7, '2026-03-02', NULL, 15, '08:30:00', '09:30:00', NULL, NULL, 'Auto-generated', 0, '2026-02-08 13:08:11', '2026-02-08 13:08:11'),
(2519, 3, 100020, 4, '2026-03-02', NULL, 17, '09:45:00', '10:45:00', NULL, NULL, 'Auto-generated', 0, '2026-02-08 13:08:11', '2026-02-08 13:08:11'),
(2520, 3, 100010, 3, '2026-03-02', NULL, 18, '10:45:00', '11:45:00', NULL, NULL, 'Auto-generated', 0, '2026-02-08 13:08:11', '2026-02-08 13:08:11'),
(2521, 3, 100016, 2, '2026-03-02', NULL, 21, '14:00:00', '15:00:00', NULL, NULL, 'Auto-generated', 0, '2026-02-08 13:08:11', '2026-02-08 13:08:11'),
(2522, 3, 100020, 9, '2026-03-02', NULL, 23, '15:15:00', '16:15:00', NULL, NULL, 'Auto-generated', 0, '2026-02-08 13:08:11', '2026-02-08 13:08:11'),
(2523, 3, 100010, 5, '2026-03-02', NULL, 20, '13:00:00', '14:00:00', NULL, NULL, 'Auto-generated', 0, '2026-02-08 13:08:11', '2026-02-08 13:08:11'),
(2524, 3, 100017, 6, '2026-03-03', NULL, 14, '07:30:00', '08:30:00', NULL, NULL, 'Auto-generated', 0, '2026-02-08 13:08:11', '2026-02-08 13:08:11'),
(2525, 3, 100019, 7, '2026-03-03', NULL, 15, '08:30:00', '09:30:00', NULL, NULL, 'Auto-generated', 0, '2026-02-08 13:08:11', '2026-02-08 13:08:11'),
(2526, 3, 100020, 4, '2026-03-03', NULL, 17, '09:45:00', '10:45:00', NULL, NULL, 'Auto-generated', 0, '2026-02-08 13:08:11', '2026-02-08 13:08:11'),
(2527, 3, 100010, 3, '2026-03-03', NULL, 18, '10:45:00', '11:45:00', NULL, NULL, 'Auto-generated', 0, '2026-02-08 13:08:11', '2026-02-08 13:08:11'),
(2528, 3, 100016, 2, '2026-03-03', NULL, 21, '14:00:00', '15:00:00', NULL, NULL, 'Auto-generated', 0, '2026-02-08 13:08:11', '2026-02-08 13:08:11'),
(2529, 3, 100020, 9, '2026-03-03', NULL, 23, '15:15:00', '16:15:00', NULL, NULL, 'Auto-generated', 0, '2026-02-08 13:08:11', '2026-02-08 13:08:11'),
(2530, 3, 100010, 5, '2026-03-03', NULL, 20, '13:00:00', '14:00:00', NULL, NULL, 'Auto-generated', 0, '2026-02-08 13:08:11', '2026-02-08 13:08:11'),
(2531, 3, 100017, 6, '2026-03-04', NULL, 14, '07:30:00', '08:30:00', NULL, NULL, 'Auto-generated', 0, '2026-02-08 13:08:11', '2026-02-08 13:08:11'),
(2532, 3, 100019, 7, '2026-03-04', NULL, 15, '08:30:00', '09:30:00', NULL, NULL, 'Auto-generated', 0, '2026-02-08 13:08:11', '2026-02-08 13:08:11'),
(2533, 3, 100020, 4, '2026-03-04', NULL, 17, '09:45:00', '10:45:00', NULL, NULL, 'Auto-generated', 0, '2026-02-08 13:08:11', '2026-02-08 13:08:11'),
(2534, 3, 100010, 3, '2026-03-04', NULL, 18, '10:45:00', '11:45:00', NULL, NULL, 'Auto-generated', 0, '2026-02-08 13:08:11', '2026-02-08 13:08:11'),
(2535, 3, 100016, 2, '2026-03-04', NULL, 21, '14:00:00', '15:00:00', NULL, NULL, 'Auto-generated', 0, '2026-02-08 13:08:11', '2026-02-08 13:08:11'),
(2536, 3, 100020, 9, '2026-03-04', NULL, 23, '15:15:00', '16:15:00', NULL, NULL, 'Auto-generated', 0, '2026-02-08 13:08:11', '2026-02-08 13:08:11'),
(2537, 3, 100010, 5, '2026-03-04', NULL, 20, '13:00:00', '14:00:00', NULL, NULL, 'Auto-generated', 0, '2026-02-08 13:08:11', '2026-02-08 13:08:11'),
(2538, 3, 100019, 7, '2026-03-05', NULL, 15, '08:30:00', '09:30:00', NULL, NULL, 'Auto-generated', 0, '2026-02-08 13:08:11', '2026-02-08 13:08:11'),
(2539, 3, 100020, 4, '2026-03-05', NULL, 17, '09:45:00', '10:45:00', NULL, NULL, 'Auto-generated', 0, '2026-02-08 13:08:11', '2026-02-08 13:08:11'),
(2540, 3, 100010, 3, '2026-03-05', NULL, 18, '10:45:00', '11:45:00', NULL, NULL, 'Auto-generated', 0, '2026-02-08 13:08:11', '2026-02-08 13:08:11'),
(2541, 3, 100016, 2, '2026-03-05', NULL, 21, '14:00:00', '15:00:00', NULL, NULL, 'Auto-generated', 0, '2026-02-08 13:08:11', '2026-02-08 13:08:11'),
(2542, 3, 100020, 9, '2026-03-05', NULL, 23, '15:15:00', '16:15:00', NULL, NULL, 'Auto-generated', 0, '2026-02-08 13:08:11', '2026-02-08 13:08:11'),
(2543, 3, 100010, 5, '2026-03-05', NULL, 20, '13:00:00', '14:00:00', NULL, NULL, 'Auto-generated', 0, '2026-02-08 13:08:11', '2026-02-08 13:08:11'),
(2544, 3, 100017, 6, '2026-03-06', NULL, 14, '07:30:00', '08:30:00', NULL, NULL, 'Auto-generated', 0, '2026-02-08 13:08:11', '2026-02-08 13:08:11'),
(2545, 3, 100019, 7, '2026-03-06', NULL, 15, '08:30:00', '09:30:00', NULL, NULL, 'Auto-generated', 0, '2026-02-08 13:08:11', '2026-02-08 13:08:11'),
(2546, 3, 100020, 4, '2026-03-06', NULL, 17, '09:45:00', '10:45:00', NULL, NULL, 'Auto-generated', 0, '2026-02-08 13:08:11', '2026-02-08 13:08:11'),
(2547, 3, 100010, 3, '2026-03-06', NULL, 18, '10:45:00', '11:45:00', NULL, NULL, 'Auto-generated', 0, '2026-02-08 13:08:11', '2026-02-08 13:08:11'),
(2548, 3, 100016, 2, '2026-03-06', NULL, 21, '14:00:00', '15:00:00', NULL, NULL, 'Auto-generated', 0, '2026-02-08 13:08:11', '2026-02-08 13:08:11'),
(2549, 3, 100020, 9, '2026-03-06', NULL, 23, '15:15:00', '16:15:00', NULL, NULL, 'Auto-generated', 0, '2026-02-08 13:08:11', '2026-02-08 13:08:11'),
(2550, 3, 100010, 5, '2026-03-06', NULL, 20, '13:00:00', '14:00:00', NULL, NULL, 'Auto-generated', 0, '2026-02-08 13:08:11', '2026-02-08 13:08:11'),
(2551, 3, 100017, 6, '2026-03-09', NULL, 14, '07:30:00', '08:30:00', NULL, NULL, 'Auto-generated', 0, '2026-02-08 13:08:11', '2026-02-08 13:08:11'),
(2552, 3, 100019, 7, '2026-03-09', NULL, 15, '08:30:00', '09:30:00', NULL, NULL, 'Auto-generated', 0, '2026-02-08 13:08:11', '2026-02-08 13:08:11'),
(2553, 3, 100020, 4, '2026-03-09', NULL, 17, '09:45:00', '10:45:00', NULL, NULL, 'Auto-generated', 0, '2026-02-08 13:08:11', '2026-02-08 13:08:11'),
(2554, 3, 100010, 3, '2026-03-09', NULL, 18, '10:45:00', '11:45:00', NULL, NULL, 'Auto-generated', 0, '2026-02-08 13:08:11', '2026-02-08 13:08:11'),
(2555, 3, 100016, 2, '2026-03-09', NULL, 21, '14:00:00', '15:00:00', NULL, NULL, 'Auto-generated', 0, '2026-02-08 13:08:11', '2026-02-08 13:08:11'),
(2556, 3, 100020, 9, '2026-03-09', NULL, 23, '15:15:00', '16:15:00', NULL, NULL, 'Auto-generated', 0, '2026-02-08 13:08:11', '2026-02-08 13:08:11'),
(2557, 3, 100010, 5, '2026-03-09', NULL, 20, '13:00:00', '14:00:00', NULL, NULL, 'Auto-generated', 0, '2026-02-08 13:08:12', '2026-02-08 13:08:12'),
(2558, 3, 100017, 6, '2026-03-10', NULL, 14, '07:30:00', '08:30:00', NULL, NULL, 'Auto-generated', 0, '2026-02-08 13:08:12', '2026-02-08 13:08:12'),
(2559, 3, 100019, 7, '2026-03-10', NULL, 15, '08:30:00', '09:30:00', NULL, NULL, 'Auto-generated', 0, '2026-02-08 13:08:12', '2026-02-08 13:08:12'),
(2560, 3, 100020, 4, '2026-03-10', NULL, 17, '09:45:00', '10:45:00', NULL, NULL, 'Auto-generated', 0, '2026-02-08 13:08:12', '2026-02-08 13:08:12'),
(2561, 3, 100010, 3, '2026-03-10', NULL, 18, '10:45:00', '11:45:00', NULL, NULL, 'Auto-generated', 0, '2026-02-08 13:08:12', '2026-02-08 13:08:12'),
(2562, 3, 100016, 2, '2026-03-10', NULL, 21, '14:00:00', '15:00:00', NULL, NULL, 'Auto-generated', 0, '2026-02-08 13:08:12', '2026-02-08 13:08:12'),
(2563, 3, 100020, 9, '2026-03-10', NULL, 23, '15:15:00', '16:15:00', NULL, NULL, 'Auto-generated', 0, '2026-02-08 13:08:12', '2026-02-08 13:08:12'),
(2564, 3, 100010, 5, '2026-03-10', NULL, 20, '13:00:00', '14:00:00', NULL, NULL, 'Auto-generated', 0, '2026-02-08 13:08:12', '2026-02-08 13:08:12'),
(2565, 3, 100017, 6, '2026-03-11', NULL, 14, '07:30:00', '08:30:00', NULL, NULL, 'Auto-generated', 0, '2026-02-08 13:08:12', '2026-02-08 13:08:12'),
(2566, 3, 100019, 7, '2026-03-11', NULL, 15, '08:30:00', '09:30:00', NULL, NULL, 'Auto-generated', 0, '2026-02-08 13:08:12', '2026-02-08 13:08:12'),
(2567, 3, 100020, 4, '2026-03-11', NULL, 17, '09:45:00', '10:45:00', NULL, NULL, 'Auto-generated', 0, '2026-02-08 13:08:12', '2026-02-08 13:08:12'),
(2568, 3, 100010, 3, '2026-03-11', NULL, 18, '10:45:00', '11:45:00', NULL, NULL, 'Auto-generated', 0, '2026-02-08 13:08:12', '2026-02-08 13:08:12'),
(2569, 3, 100016, 2, '2026-03-11', NULL, 21, '14:00:00', '15:00:00', NULL, NULL, 'Auto-generated', 0, '2026-02-08 13:08:12', '2026-02-08 13:08:12'),
(2570, 3, 100020, 9, '2026-03-11', NULL, 23, '15:15:00', '16:15:00', NULL, NULL, 'Auto-generated', 0, '2026-02-08 13:08:12', '2026-02-08 13:08:12'),
(2571, 3, 100010, 5, '2026-03-11', NULL, 20, '13:00:00', '14:00:00', NULL, NULL, 'Auto-generated', 0, '2026-02-08 13:08:12', '2026-02-08 13:08:12'),
(2572, 3, 100019, 7, '2026-03-12', NULL, 15, '08:30:00', '09:30:00', NULL, NULL, 'Auto-generated', 0, '2026-02-08 13:08:12', '2026-02-08 13:08:12'),
(2573, 3, 100020, 4, '2026-03-12', NULL, 17, '09:45:00', '10:45:00', NULL, NULL, 'Auto-generated', 0, '2026-02-08 13:08:12', '2026-02-08 13:08:12'),
(2574, 3, 100010, 3, '2026-03-12', NULL, 18, '10:45:00', '11:45:00', NULL, NULL, 'Auto-generated', 0, '2026-02-08 13:08:12', '2026-02-08 13:08:12'),
(2575, 3, 100016, 2, '2026-03-12', NULL, 21, '14:00:00', '15:00:00', NULL, NULL, 'Auto-generated', 0, '2026-02-08 13:08:12', '2026-02-08 13:08:12'),
(2576, 3, 100020, 9, '2026-03-12', NULL, 23, '15:15:00', '16:15:00', NULL, NULL, 'Auto-generated', 0, '2026-02-08 13:08:12', '2026-02-08 13:08:12'),
(2577, 3, 100010, 5, '2026-03-12', NULL, 20, '13:00:00', '14:00:00', NULL, NULL, 'Auto-generated', 0, '2026-02-08 13:08:12', '2026-02-08 13:08:12'),
(2578, 3, 100017, 6, '2026-03-13', NULL, 14, '07:30:00', '08:30:00', NULL, NULL, 'Auto-generated', 0, '2026-02-08 13:08:12', '2026-02-08 13:08:12'),
(2579, 3, 100019, 7, '2026-03-13', NULL, 15, '08:30:00', '09:30:00', NULL, NULL, 'Auto-generated', 0, '2026-02-08 13:08:12', '2026-02-08 13:08:12'),
(2580, 3, 100020, 4, '2026-03-13', NULL, 17, '09:45:00', '10:45:00', NULL, NULL, 'Auto-generated', 0, '2026-02-08 13:08:12', '2026-02-08 13:08:12'),
(2581, 3, 100010, 3, '2026-03-13', NULL, 18, '10:45:00', '11:45:00', NULL, NULL, 'Auto-generated', 0, '2026-02-08 13:08:12', '2026-02-08 13:08:12'),
(2582, 3, 100016, 2, '2026-03-13', NULL, 21, '14:00:00', '15:00:00', NULL, NULL, 'Auto-generated', 0, '2026-02-08 13:08:12', '2026-02-08 13:08:12'),
(2583, 3, 100020, 9, '2026-03-13', NULL, 23, '15:15:00', '16:15:00', NULL, NULL, 'Auto-generated', 0, '2026-02-08 13:08:12', '2026-02-08 13:08:12'),
(2584, 3, 100010, 5, '2026-03-13', NULL, 20, '13:00:00', '14:00:00', NULL, NULL, 'Auto-generated', 0, '2026-02-08 13:08:12', '2026-02-08 13:08:12'),
(2600, 3, 100004, 10, '2026-02-23', NULL, 47, '16:15:00', '17:15:00', NULL, NULL, 'Auto-generated', 0, '2026-02-19 06:57:29', '2026-02-19 06:57:29'),
(2601, 3, 100004, 10, '2026-02-24', NULL, 47, '16:15:00', '17:15:00', NULL, NULL, 'Auto-generated', 0, '2026-02-19 06:57:29', '2026-02-19 06:57:29'),
(2602, 3, 100004, 10, '2026-02-25', NULL, 47, '16:15:00', '17:15:00', NULL, NULL, 'Auto-generated', 0, '2026-02-19 06:57:29', '2026-02-19 06:57:29'),
(2603, 3, 100004, 10, '2026-02-26', NULL, 47, '16:15:00', '17:15:00', NULL, NULL, 'Auto-generated', 0, '2026-02-19 06:57:29', '2026-02-19 06:57:29'),
(2604, 3, 100004, 10, '2026-02-27', NULL, 47, '16:15:00', '17:15:00', NULL, NULL, 'Auto-generated', 0, '2026-02-19 06:57:29', '2026-02-19 06:57:29'),
(2605, 3, 100004, 10, '2026-03-02', NULL, 47, '16:15:00', '17:15:00', NULL, NULL, 'Auto-generated', 0, '2026-02-19 06:57:29', '2026-02-19 06:57:29'),
(2606, 3, 100004, 10, '2026-03-03', NULL, 47, '16:15:00', '17:15:00', NULL, NULL, 'Auto-generated', 0, '2026-02-19 06:57:29', '2026-02-19 06:57:29'),
(2607, 3, 100004, 10, '2026-03-04', NULL, 47, '16:15:00', '17:15:00', NULL, NULL, 'Auto-generated', 0, '2026-02-19 06:57:29', '2026-02-19 06:57:29'),
(2608, 3, 100004, 10, '2026-03-05', NULL, 47, '16:15:00', '17:15:00', NULL, NULL, 'Auto-generated', 0, '2026-02-19 06:57:29', '2026-02-19 06:57:29'),
(2609, 3, 100004, 10, '2026-03-06', NULL, 47, '16:15:00', '17:15:00', NULL, NULL, 'Auto-generated', 0, '2026-02-19 06:57:29', '2026-02-19 06:57:29'),
(2610, 3, 100004, 10, '2026-03-09', NULL, 47, '16:15:00', '17:15:00', NULL, NULL, 'Auto-generated', 0, '2026-02-19 06:57:29', '2026-02-19 06:57:29'),
(2611, 3, 100004, 10, '2026-03-10', NULL, 47, '16:15:00', '17:15:00', NULL, NULL, 'Auto-generated', 0, '2026-02-19 06:57:29', '2026-02-19 06:57:29'),
(2612, 3, 100004, 10, '2026-03-11', NULL, 47, '16:15:00', '17:15:00', NULL, NULL, 'Auto-generated', 0, '2026-02-19 06:57:29', '2026-02-19 06:57:29'),
(2613, 3, 100004, 10, '2026-03-12', NULL, 47, '16:15:00', '17:15:00', NULL, NULL, 'Auto-generated', 0, '2026-02-19 06:57:29', '2026-02-19 06:57:29'),
(2614, 3, 100004, 10, '2026-03-13', NULL, 47, '16:15:00', '17:15:00', NULL, NULL, 'Auto-generated', 0, '2026-02-19 06:57:29', '2026-02-19 06:57:29'),
(2615, 3, 100017, 6, '2026-03-16', NULL, 14, '07:30:00', '08:30:00', NULL, NULL, 'Auto-generated', 0, '2026-02-19 06:57:29', '2026-02-19 06:57:29'),
(2616, 3, 100019, 7, '2026-03-16', NULL, 15, '08:30:00', '09:30:00', NULL, NULL, 'Auto-generated', 0, '2026-02-19 06:57:29', '2026-02-19 06:57:29'),
(2617, 3, 100020, 4, '2026-03-16', NULL, 17, '09:45:00', '10:45:00', NULL, NULL, 'Auto-generated', 0, '2026-02-19 06:57:29', '2026-02-19 06:57:29'),
(2618, 3, 100010, 3, '2026-03-16', NULL, 18, '10:45:00', '11:45:00', NULL, NULL, 'Auto-generated', 0, '2026-02-19 06:57:29', '2026-02-19 06:57:29'),
(2619, 3, 100016, 2, '2026-03-16', NULL, 21, '14:00:00', '15:00:00', NULL, NULL, 'Auto-generated', 0, '2026-02-19 06:57:29', '2026-02-19 06:57:29'),
(2620, 3, 100020, 9, '2026-03-16', NULL, 23, '15:15:00', '16:15:00', NULL, NULL, 'Auto-generated', 0, '2026-02-19 06:57:29', '2026-02-19 06:57:29'),
(2621, 3, 100010, 5, '2026-03-16', NULL, 20, '13:00:00', '14:00:00', NULL, NULL, 'Auto-generated', 0, '2026-02-19 06:57:29', '2026-02-19 06:57:29'),
(2622, 3, 100004, 10, '2026-03-16', NULL, 47, '16:15:00', '17:15:00', NULL, NULL, 'Auto-generated', 0, '2026-02-19 06:57:29', '2026-02-19 06:57:29'),
(2623, 3, 100017, 6, '2026-03-17', NULL, 14, '07:30:00', '08:30:00', NULL, NULL, 'Auto-generated', 0, '2026-02-19 06:57:29', '2026-02-19 06:57:29'),
(2624, 3, 100019, 7, '2026-03-17', NULL, 15, '08:30:00', '09:30:00', NULL, NULL, 'Auto-generated', 0, '2026-02-19 06:57:29', '2026-02-19 06:57:29'),
(2625, 3, 100020, 4, '2026-03-17', NULL, 17, '09:45:00', '10:45:00', NULL, NULL, 'Auto-generated', 0, '2026-02-19 06:57:29', '2026-02-19 06:57:29'),
(2626, 3, 100010, 3, '2026-03-17', NULL, 18, '10:45:00', '11:45:00', NULL, NULL, 'Auto-generated', 0, '2026-02-19 06:57:29', '2026-02-19 06:57:29'),
(2627, 3, 100016, 2, '2026-03-17', NULL, 21, '14:00:00', '15:00:00', NULL, NULL, 'Auto-generated', 0, '2026-02-19 06:57:29', '2026-02-19 06:57:29'),
(2628, 3, 100020, 9, '2026-03-17', NULL, 23, '15:15:00', '16:15:00', NULL, NULL, 'Auto-generated', 0, '2026-02-19 06:57:29', '2026-02-19 06:57:29'),
(2629, 3, 100010, 5, '2026-03-17', NULL, 20, '13:00:00', '14:00:00', NULL, NULL, 'Auto-generated', 0, '2026-02-19 06:57:29', '2026-02-19 06:57:29'),
(2630, 3, 100004, 10, '2026-03-17', NULL, 47, '16:15:00', '17:15:00', NULL, NULL, 'Auto-generated', 0, '2026-02-19 06:57:29', '2026-02-19 06:57:29'),
(2631, 3, 100017, 6, '2026-03-18', NULL, 14, '07:30:00', '08:30:00', NULL, NULL, 'Auto-generated', 0, '2026-02-19 06:57:29', '2026-02-19 06:57:29'),
(2632, 3, 100019, 7, '2026-03-18', NULL, 15, '08:30:00', '09:30:00', NULL, NULL, 'Auto-generated', 0, '2026-02-19 06:57:29', '2026-02-19 06:57:29'),
(2633, 3, 100020, 4, '2026-03-18', NULL, 17, '09:45:00', '10:45:00', NULL, NULL, 'Auto-generated', 0, '2026-02-19 06:57:29', '2026-02-19 06:57:29'),
(2634, 3, 100010, 3, '2026-03-18', NULL, 18, '10:45:00', '11:45:00', NULL, NULL, 'Auto-generated', 0, '2026-02-19 06:57:29', '2026-02-19 06:57:29'),
(2635, 3, 100016, 2, '2026-03-18', NULL, 21, '14:00:00', '15:00:00', NULL, NULL, 'Auto-generated', 0, '2026-02-19 06:57:29', '2026-02-19 06:57:29'),
(2636, 3, 100020, 9, '2026-03-18', NULL, 23, '15:15:00', '16:15:00', NULL, NULL, 'Auto-generated', 0, '2026-02-19 06:57:29', '2026-02-19 06:57:29'),
(2637, 3, 100010, 5, '2026-03-18', NULL, 20, '13:00:00', '14:00:00', NULL, NULL, 'Auto-generated', 0, '2026-02-19 06:57:29', '2026-02-19 06:57:29'),
(2638, 3, 100004, 10, '2026-03-18', NULL, 47, '16:15:00', '17:15:00', NULL, NULL, 'Auto-generated', 0, '2026-02-19 06:57:29', '2026-02-19 06:57:29'),
(2639, 3, 100019, 7, '2026-03-19', NULL, 15, '08:30:00', '09:30:00', NULL, NULL, 'Auto-generated', 0, '2026-02-19 06:57:29', '2026-02-19 06:57:29'),
(2640, 3, 100020, 4, '2026-03-19', NULL, 17, '09:45:00', '10:45:00', NULL, NULL, 'Auto-generated', 0, '2026-02-19 06:57:29', '2026-02-19 06:57:29'),
(2641, 3, 100010, 3, '2026-03-19', NULL, 18, '10:45:00', '11:45:00', NULL, NULL, 'Auto-generated', 0, '2026-02-19 06:57:29', '2026-02-19 06:57:29'),
(2642, 3, 100016, 2, '2026-03-19', NULL, 21, '14:00:00', '15:00:00', NULL, NULL, 'Auto-generated', 0, '2026-02-19 06:57:29', '2026-02-19 06:57:29'),
(2643, 3, 100020, 9, '2026-03-19', NULL, 23, '15:15:00', '16:15:00', NULL, NULL, 'Auto-generated', 0, '2026-02-19 06:57:29', '2026-02-19 06:57:29'),
(2644, 3, 100010, 5, '2026-03-19', NULL, 20, '13:00:00', '14:00:00', NULL, NULL, 'Auto-generated', 0, '2026-02-19 06:57:29', '2026-02-19 06:57:29'),
(2645, 3, 100004, 10, '2026-03-19', NULL, 47, '16:15:00', '17:15:00', NULL, NULL, 'Auto-generated', 0, '2026-02-19 06:57:29', '2026-02-19 06:57:29'),
(2661, 3, 100017, 6, '2026-03-20', NULL, 14, '07:30:00', '08:30:00', NULL, NULL, 'Auto-generated', 0, '2026-02-19 07:04:16', '2026-02-19 07:04:16'),
(2662, 3, 100019, 7, '2026-03-20', NULL, 15, '08:30:00', '09:30:00', NULL, NULL, 'Auto-generated', 0, '2026-02-19 07:04:16', '2026-02-19 07:04:16'),
(2663, 3, 100020, 4, '2026-03-20', NULL, 17, '09:45:00', '10:45:00', NULL, NULL, 'Auto-generated', 0, '2026-02-19 07:04:16', '2026-02-19 07:04:16'),
(2664, 3, 100010, 3, '2026-03-20', NULL, 18, '10:45:00', '11:45:00', NULL, NULL, 'Auto-generated', 0, '2026-02-19 07:04:16', '2026-02-19 07:04:16'),
(2665, 3, 100016, 2, '2026-03-20', NULL, 21, '14:00:00', '15:00:00', NULL, NULL, 'Auto-generated', 0, '2026-02-19 07:04:16', '2026-02-19 07:04:16'),
(2666, 3, 100020, 9, '2026-03-20', NULL, 23, '15:15:00', '16:15:00', NULL, NULL, 'Auto-generated', 0, '2026-02-19 07:04:16', '2026-02-19 07:04:16'),
(2667, 3, 100010, 5, '2026-03-20', NULL, 20, '13:00:00', '14:00:00', NULL, NULL, 'Auto-generated', 0, '2026-02-19 07:04:16', '2026-02-19 07:04:16'),
(2668, 3, 100004, 10, '2026-03-20', NULL, 47, '16:15:00', '17:15:00', NULL, NULL, 'Auto-generated', 0, '2026-02-19 07:04:16', '2026-02-19 07:04:16'),
(2675, 3, 100017, 6, '2026-03-05', NULL, 14, '07:30:00', '08:30:00', NULL, NULL, 'Auto-generated', 0, '2026-02-19 07:05:20', '2026-02-19 07:05:20'),
(2676, 3, 100017, 6, '2026-03-12', NULL, 14, '07:30:00', '08:30:00', NULL, NULL, 'Auto-generated', 0, '2026-02-19 07:05:20', '2026-02-19 07:05:20'),
(2677, 3, 100017, 6, '2026-03-19', NULL, 14, '07:30:00', '08:30:00', NULL, NULL, 'Auto-generated', 0, '2026-02-19 07:05:20', '2026-02-19 07:05:20'),
(2748, 2, 100020, 2, '2026-03-02', NULL, 44, '14:00:00', '15:00:00', NULL, NULL, 'Auto-generated', 0, '2026-02-19 07:07:30', '2026-02-19 07:07:30'),
(2749, 2, 100018, 3, '2026-03-02', NULL, 41, '10:45:00', '11:45:00', NULL, NULL, 'Auto-generated', 0, '2026-02-19 07:07:30', '2026-02-19 07:07:30');
INSERT INTO `schedules` (`schedule_id`, `section_id`, `faculty_id`, `subject_id`, `schedule_date`, `day_of_week`, `time_slot_id`, `start_time`, `end_time`, `room`, `room_id`, `notes`, `is_auto_generated`, `created_at`, `updated_at`) VALUES
(2750, 2, 100004, 4, '2026-03-02', NULL, 40, '09:45:00', '10:45:00', NULL, NULL, 'Auto-generated', 0, '2026-02-19 07:07:30', '2026-02-19 07:07:30'),
(2751, 2, 100013, 5, '2026-03-02', NULL, 43, '13:00:00', '14:00:00', NULL, NULL, 'Auto-generated', 0, '2026-02-19 07:07:30', '2026-02-19 07:07:30'),
(2752, 2, 100015, 6, '2026-03-02', NULL, 37, '07:30:00', '08:30:00', NULL, NULL, 'Auto-generated', 0, '2026-02-19 07:07:30', '2026-02-19 07:07:30'),
(2753, 2, 100017, 7, '2026-03-02', NULL, 38, '08:30:00', '09:30:00', NULL, NULL, 'Auto-generated', 0, '2026-02-19 07:07:30', '2026-02-19 07:07:30'),
(2754, 2, 100008, 8, '2026-03-02', NULL, 46, '15:15:00', '16:15:00', NULL, NULL, 'Auto-generated', 0, '2026-02-19 07:07:30', '2026-02-19 07:07:30'),
(2755, 2, 100020, 2, '2026-03-03', NULL, 44, '14:00:00', '15:00:00', NULL, NULL, 'Auto-generated', 0, '2026-02-19 07:07:30', '2026-02-19 07:07:30'),
(2756, 2, 100018, 3, '2026-03-03', NULL, 41, '10:45:00', '11:45:00', NULL, NULL, 'Auto-generated', 0, '2026-02-19 07:07:30', '2026-02-19 07:07:30'),
(2757, 2, 100004, 4, '2026-03-03', NULL, 40, '09:45:00', '10:45:00', NULL, NULL, 'Auto-generated', 0, '2026-02-19 07:07:30', '2026-02-19 07:07:30'),
(2758, 2, 100013, 5, '2026-03-03', NULL, 43, '13:00:00', '14:00:00', NULL, NULL, 'Auto-generated', 0, '2026-02-19 07:07:30', '2026-02-19 07:07:30'),
(2759, 2, 100015, 6, '2026-03-03', NULL, 37, '07:30:00', '08:30:00', NULL, NULL, 'Auto-generated', 0, '2026-02-19 07:07:30', '2026-02-19 07:07:30'),
(2760, 2, 100017, 7, '2026-03-03', NULL, 38, '08:30:00', '09:30:00', NULL, NULL, 'Auto-generated', 0, '2026-02-19 07:07:30', '2026-02-19 07:07:30'),
(2761, 2, 100008, 8, '2026-03-03', NULL, 46, '15:15:00', '16:15:00', NULL, NULL, 'Auto-generated', 0, '2026-02-19 07:07:30', '2026-02-19 07:07:30'),
(2762, 2, 100020, 2, '2026-03-04', NULL, 44, '14:00:00', '15:00:00', NULL, NULL, 'Auto-generated', 0, '2026-02-19 07:07:30', '2026-02-19 07:07:30'),
(2763, 2, 100018, 3, '2026-03-04', NULL, 41, '10:45:00', '11:45:00', NULL, NULL, 'Auto-generated', 0, '2026-02-19 07:07:30', '2026-02-19 07:07:30'),
(2764, 2, 100004, 4, '2026-03-04', NULL, 40, '09:45:00', '10:45:00', NULL, NULL, 'Auto-generated', 0, '2026-02-19 07:07:30', '2026-02-19 07:07:30'),
(2765, 2, 100013, 5, '2026-03-04', NULL, 43, '13:00:00', '14:00:00', NULL, NULL, 'Auto-generated', 0, '2026-02-19 07:07:30', '2026-02-19 07:07:30'),
(2766, 2, 100015, 6, '2026-03-04', NULL, 37, '07:30:00', '08:30:00', NULL, NULL, 'Auto-generated', 0, '2026-02-19 07:07:30', '2026-02-19 07:07:30'),
(2767, 2, 100017, 7, '2026-03-04', NULL, 38, '08:30:00', '09:30:00', NULL, NULL, 'Auto-generated', 0, '2026-02-19 07:07:30', '2026-02-19 07:07:30'),
(2768, 2, 100008, 8, '2026-03-04', NULL, 46, '15:15:00', '16:15:00', NULL, NULL, 'Auto-generated', 0, '2026-02-19 07:07:30', '2026-02-19 07:07:30'),
(2769, 2, 100020, 2, '2026-03-05', NULL, 44, '14:00:00', '15:00:00', NULL, NULL, 'Auto-generated', 0, '2026-02-19 07:07:30', '2026-02-19 07:07:30'),
(2770, 2, 100018, 3, '2026-03-05', NULL, 41, '10:45:00', '11:45:00', NULL, NULL, 'Auto-generated', 0, '2026-02-19 07:07:30', '2026-02-19 07:07:30'),
(2771, 2, 100004, 4, '2026-03-05', NULL, 40, '09:45:00', '10:45:00', NULL, NULL, 'Auto-generated', 0, '2026-02-19 07:07:30', '2026-02-19 07:07:30'),
(2772, 2, 100013, 5, '2026-03-05', NULL, 43, '13:00:00', '14:00:00', NULL, NULL, 'Auto-generated', 0, '2026-02-19 07:07:30', '2026-02-19 07:07:30'),
(2773, 2, 100015, 6, '2026-03-05', NULL, 37, '07:30:00', '08:30:00', NULL, NULL, 'Auto-generated', 0, '2026-02-19 07:07:30', '2026-02-19 07:07:30'),
(2774, 2, 100017, 7, '2026-03-05', NULL, 38, '08:30:00', '09:30:00', NULL, NULL, 'Auto-generated', 0, '2026-02-19 07:07:30', '2026-02-19 07:07:30'),
(2775, 2, 100008, 8, '2026-03-05', NULL, 46, '15:15:00', '16:15:00', NULL, NULL, 'Auto-generated', 0, '2026-02-19 07:07:30', '2026-02-19 07:07:30'),
(2776, 2, 100020, 2, '2026-03-06', NULL, 44, '14:00:00', '15:00:00', NULL, NULL, 'Auto-generated', 0, '2026-02-19 07:07:30', '2026-02-19 07:07:30'),
(2777, 2, 100018, 3, '2026-03-06', NULL, 41, '10:45:00', '11:45:00', NULL, NULL, 'Auto-generated', 0, '2026-02-19 07:07:30', '2026-02-19 07:07:30'),
(2778, 2, 100004, 4, '2026-03-06', NULL, 40, '09:45:00', '10:45:00', NULL, NULL, 'Auto-generated', 0, '2026-02-19 07:07:30', '2026-02-19 07:07:30'),
(2779, 2, 100013, 5, '2026-03-06', NULL, 43, '13:00:00', '14:00:00', NULL, NULL, 'Auto-generated', 0, '2026-02-19 07:07:30', '2026-02-19 07:07:30'),
(2780, 2, 100015, 6, '2026-03-06', NULL, 37, '07:30:00', '08:30:00', NULL, NULL, 'Auto-generated', 0, '2026-02-19 07:07:30', '2026-02-19 07:07:30'),
(2781, 2, 100017, 7, '2026-03-06', NULL, 38, '08:30:00', '09:30:00', NULL, NULL, 'Auto-generated', 0, '2026-02-19 07:07:30', '2026-02-19 07:07:30'),
(2782, 2, 100008, 8, '2026-03-06', NULL, 46, '15:15:00', '16:15:00', NULL, NULL, 'Auto-generated', 0, '2026-02-19 07:07:30', '2026-02-19 07:07:30'),
(2783, 2, 100020, 2, '2026-03-09', NULL, 44, '14:00:00', '15:00:00', NULL, NULL, 'Auto-generated', 0, '2026-02-19 07:07:30', '2026-02-19 07:07:30'),
(2784, 2, 100018, 3, '2026-03-09', NULL, 41, '10:45:00', '11:45:00', NULL, NULL, 'Auto-generated', 0, '2026-02-19 07:07:30', '2026-02-19 07:07:30'),
(2785, 2, 100004, 4, '2026-03-09', NULL, 40, '09:45:00', '10:45:00', NULL, NULL, 'Auto-generated', 0, '2026-02-19 07:07:30', '2026-02-19 07:07:30'),
(2786, 2, 100013, 5, '2026-03-09', NULL, 43, '13:00:00', '14:00:00', NULL, NULL, 'Auto-generated', 0, '2026-02-19 07:07:30', '2026-02-19 07:07:30'),
(2787, 2, 100015, 6, '2026-03-09', NULL, 37, '07:30:00', '08:30:00', NULL, NULL, 'Auto-generated', 0, '2026-02-19 07:07:30', '2026-02-19 07:07:30'),
(2788, 2, 100017, 7, '2026-03-09', NULL, 38, '08:30:00', '09:30:00', NULL, NULL, 'Auto-generated', 0, '2026-02-19 07:07:30', '2026-02-19 07:07:30'),
(2789, 2, 100008, 8, '2026-03-09', NULL, 46, '15:15:00', '16:15:00', NULL, NULL, 'Auto-generated', 0, '2026-02-19 07:07:30', '2026-02-19 07:07:30'),
(2790, 2, 100020, 2, '2026-03-10', NULL, 44, '14:00:00', '15:00:00', NULL, NULL, 'Auto-generated', 0, '2026-02-19 07:07:30', '2026-02-19 07:07:30'),
(2791, 2, 100018, 3, '2026-03-10', NULL, 41, '10:45:00', '11:45:00', NULL, NULL, 'Auto-generated', 0, '2026-02-19 07:07:30', '2026-02-19 07:07:30'),
(2792, 2, 100004, 4, '2026-03-10', NULL, 40, '09:45:00', '10:45:00', NULL, NULL, 'Auto-generated', 0, '2026-02-19 07:07:30', '2026-02-19 07:07:30'),
(2793, 2, 100013, 5, '2026-03-10', NULL, 43, '13:00:00', '14:00:00', NULL, NULL, 'Auto-generated', 0, '2026-02-19 07:07:30', '2026-02-19 07:07:30'),
(2794, 2, 100015, 6, '2026-03-10', NULL, 37, '07:30:00', '08:30:00', NULL, NULL, 'Auto-generated', 0, '2026-02-19 07:07:30', '2026-02-19 07:07:30'),
(2795, 2, 100017, 7, '2026-03-10', NULL, 38, '08:30:00', '09:30:00', NULL, NULL, 'Auto-generated', 0, '2026-02-19 07:07:30', '2026-02-19 07:07:30'),
(2796, 2, 100008, 8, '2026-03-10', NULL, 46, '15:15:00', '16:15:00', NULL, NULL, 'Auto-generated', 0, '2026-02-19 07:07:30', '2026-02-19 07:07:30'),
(2797, 2, 100020, 2, '2026-03-11', NULL, 44, '14:00:00', '15:00:00', NULL, NULL, 'Auto-generated', 0, '2026-02-19 07:07:30', '2026-02-19 07:07:30'),
(2798, 2, 100018, 3, '2026-03-11', NULL, 41, '10:45:00', '11:45:00', NULL, NULL, 'Auto-generated', 0, '2026-02-19 07:07:30', '2026-02-19 07:07:30'),
(2799, 2, 100004, 4, '2026-03-11', NULL, 40, '09:45:00', '10:45:00', NULL, NULL, 'Auto-generated', 0, '2026-02-19 07:07:30', '2026-02-19 07:07:30'),
(2800, 2, 100013, 5, '2026-03-11', NULL, 43, '13:00:00', '14:00:00', NULL, NULL, 'Auto-generated', 0, '2026-02-19 07:07:30', '2026-02-19 07:07:30'),
(2801, 2, 100015, 6, '2026-03-11', NULL, 37, '07:30:00', '08:30:00', NULL, NULL, 'Auto-generated', 0, '2026-02-19 07:07:30', '2026-02-19 07:07:30'),
(2802, 2, 100017, 7, '2026-03-11', NULL, 38, '08:30:00', '09:30:00', NULL, NULL, 'Auto-generated', 0, '2026-02-19 07:07:30', '2026-02-19 07:07:30'),
(2803, 2, 100008, 8, '2026-03-11', NULL, 46, '15:15:00', '16:15:00', NULL, NULL, 'Auto-generated', 0, '2026-02-19 07:07:30', '2026-02-19 07:07:30'),
(2804, 2, 100020, 2, '2026-03-12', NULL, 44, '14:00:00', '15:00:00', NULL, NULL, 'Auto-generated', 0, '2026-02-19 07:07:30', '2026-02-19 07:07:30'),
(2805, 2, 100018, 3, '2026-03-12', NULL, 41, '10:45:00', '11:45:00', NULL, NULL, 'Auto-generated', 0, '2026-02-19 07:07:30', '2026-02-19 07:07:30'),
(2806, 2, 100004, 4, '2026-03-12', NULL, 40, '09:45:00', '10:45:00', NULL, NULL, 'Auto-generated', 0, '2026-02-19 07:07:30', '2026-02-19 07:07:30'),
(2807, 2, 100013, 5, '2026-03-12', NULL, 43, '13:00:00', '14:00:00', NULL, NULL, 'Auto-generated', 0, '2026-02-19 07:07:30', '2026-02-19 07:07:30'),
(2808, 2, 100015, 6, '2026-03-12', NULL, 37, '07:30:00', '08:30:00', NULL, NULL, 'Auto-generated', 0, '2026-02-19 07:07:30', '2026-02-19 07:07:30'),
(2809, 2, 100017, 7, '2026-03-12', NULL, 38, '08:30:00', '09:30:00', NULL, NULL, 'Auto-generated', 0, '2026-02-19 07:07:30', '2026-02-19 07:07:30'),
(2810, 2, 100008, 8, '2026-03-12', NULL, 46, '15:15:00', '16:15:00', NULL, NULL, 'Auto-generated', 0, '2026-02-19 07:07:30', '2026-02-19 07:07:30'),
(2811, 2, 100020, 2, '2026-03-13', NULL, 44, '14:00:00', '15:00:00', NULL, NULL, 'Auto-generated', 0, '2026-02-19 07:07:30', '2026-02-19 07:07:30'),
(2812, 2, 100018, 3, '2026-03-13', NULL, 41, '10:45:00', '11:45:00', NULL, NULL, 'Auto-generated', 0, '2026-02-19 07:07:30', '2026-02-19 07:07:30'),
(2813, 2, 100004, 4, '2026-03-13', NULL, 40, '09:45:00', '10:45:00', NULL, NULL, 'Auto-generated', 0, '2026-02-19 07:07:30', '2026-02-19 07:07:30'),
(2814, 2, 100013, 5, '2026-03-13', NULL, 43, '13:00:00', '14:00:00', NULL, NULL, 'Auto-generated', 0, '2026-02-19 07:07:30', '2026-02-19 07:07:30'),
(2815, 2, 100015, 6, '2026-03-13', NULL, 37, '07:30:00', '08:30:00', NULL, NULL, 'Auto-generated', 0, '2026-02-19 07:07:30', '2026-02-19 07:07:30'),
(2816, 2, 100017, 7, '2026-03-13', NULL, 38, '08:30:00', '09:30:00', NULL, NULL, 'Auto-generated', 0, '2026-02-19 07:07:30', '2026-02-19 07:07:30'),
(2817, 2, 100008, 8, '2026-03-13', NULL, 46, '15:15:00', '16:15:00', NULL, NULL, 'Auto-generated', 0, '2026-02-19 07:07:30', '2026-02-19 07:07:30'),
(2818, 2, 100020, 2, '2026-03-16', NULL, 44, '14:00:00', '15:00:00', NULL, NULL, 'Auto-generated', 0, '2026-02-19 07:07:30', '2026-02-19 07:07:30'),
(2819, 2, 100018, 3, '2026-03-16', NULL, 41, '10:45:00', '11:45:00', NULL, NULL, 'Auto-generated', 0, '2026-02-19 07:07:30', '2026-02-19 07:07:30'),
(2820, 2, 100004, 4, '2026-03-16', NULL, 40, '09:45:00', '10:45:00', NULL, NULL, 'Auto-generated', 0, '2026-02-19 07:07:30', '2026-02-19 07:07:30'),
(2821, 2, 100013, 5, '2026-03-16', NULL, 43, '13:00:00', '14:00:00', NULL, NULL, 'Auto-generated', 0, '2026-02-19 07:07:30', '2026-02-19 07:07:30'),
(2822, 2, 100015, 6, '2026-03-16', NULL, 37, '07:30:00', '08:30:00', NULL, NULL, 'Auto-generated', 0, '2026-02-19 07:07:30', '2026-02-19 07:07:30'),
(2823, 2, 100017, 7, '2026-03-16', NULL, 38, '08:30:00', '09:30:00', NULL, NULL, 'Auto-generated', 0, '2026-02-19 07:07:30', '2026-02-19 07:07:30'),
(2824, 2, 100008, 8, '2026-03-16', NULL, 46, '15:15:00', '16:15:00', NULL, NULL, 'Auto-generated', 0, '2026-02-19 07:07:30', '2026-02-19 07:07:30'),
(2825, 2, 100020, 2, '2026-03-17', NULL, 44, '14:00:00', '15:00:00', NULL, NULL, 'Auto-generated', 0, '2026-02-19 07:07:30', '2026-02-19 07:07:30'),
(2826, 2, 100018, 3, '2026-03-17', NULL, 41, '10:45:00', '11:45:00', NULL, NULL, 'Auto-generated', 0, '2026-02-19 07:07:30', '2026-02-19 07:07:30'),
(2827, 2, 100004, 4, '2026-03-17', NULL, 40, '09:45:00', '10:45:00', NULL, NULL, 'Auto-generated', 0, '2026-02-19 07:07:30', '2026-02-19 07:07:30'),
(2828, 2, 100013, 5, '2026-03-17', NULL, 43, '13:00:00', '14:00:00', NULL, NULL, 'Auto-generated', 0, '2026-02-19 07:07:30', '2026-02-19 07:07:30'),
(2829, 2, 100015, 6, '2026-03-17', NULL, 37, '07:30:00', '08:30:00', NULL, NULL, 'Auto-generated', 0, '2026-02-19 07:07:30', '2026-02-19 07:07:30'),
(2830, 2, 100017, 7, '2026-03-17', NULL, 38, '08:30:00', '09:30:00', NULL, NULL, 'Auto-generated', 0, '2026-02-19 07:07:30', '2026-02-19 07:07:30'),
(2831, 2, 100008, 8, '2026-03-17', NULL, 46, '15:15:00', '16:15:00', NULL, NULL, 'Auto-generated', 0, '2026-02-19 07:07:30', '2026-02-19 07:07:30'),
(2832, 2, 100020, 2, '2026-03-18', NULL, 44, '14:00:00', '15:00:00', NULL, NULL, 'Auto-generated', 0, '2026-02-19 07:07:30', '2026-02-19 07:07:30'),
(2833, 2, 100018, 3, '2026-03-18', NULL, 41, '10:45:00', '11:45:00', NULL, NULL, 'Auto-generated', 0, '2026-02-19 07:07:30', '2026-02-19 07:07:30'),
(2834, 2, 100004, 4, '2026-03-18', NULL, 40, '09:45:00', '10:45:00', NULL, NULL, 'Auto-generated', 0, '2026-02-19 07:07:30', '2026-02-19 07:07:30'),
(2835, 2, 100013, 5, '2026-03-18', NULL, 43, '13:00:00', '14:00:00', NULL, NULL, 'Auto-generated', 0, '2026-02-19 07:07:30', '2026-02-19 07:07:30'),
(2836, 2, 100015, 6, '2026-03-18', NULL, 37, '07:30:00', '08:30:00', NULL, NULL, 'Auto-generated', 0, '2026-02-19 07:07:30', '2026-02-19 07:07:30'),
(2837, 2, 100017, 7, '2026-03-18', NULL, 38, '08:30:00', '09:30:00', NULL, NULL, 'Auto-generated', 0, '2026-02-19 07:07:30', '2026-02-19 07:07:30'),
(2838, 2, 100008, 8, '2026-03-18', NULL, 46, '15:15:00', '16:15:00', NULL, NULL, 'Auto-generated', 0, '2026-02-19 07:07:30', '2026-02-19 07:07:30'),
(2839, 2, 100020, 2, '2026-03-19', NULL, 44, '14:00:00', '15:00:00', NULL, NULL, 'Auto-generated', 0, '2026-02-19 07:07:30', '2026-02-19 07:07:30'),
(2840, 2, 100018, 3, '2026-03-19', NULL, 41, '10:45:00', '11:45:00', NULL, NULL, 'Auto-generated', 0, '2026-02-19 07:07:30', '2026-02-19 07:07:30'),
(2841, 2, 100004, 4, '2026-03-19', NULL, 40, '09:45:00', '10:45:00', NULL, NULL, 'Auto-generated', 0, '2026-02-19 07:07:30', '2026-02-19 07:07:30'),
(2842, 2, 100013, 5, '2026-03-19', NULL, 43, '13:00:00', '14:00:00', NULL, NULL, 'Auto-generated', 0, '2026-02-19 07:07:30', '2026-02-19 07:07:30'),
(2843, 2, 100015, 6, '2026-03-19', NULL, 37, '07:30:00', '08:30:00', NULL, NULL, 'Auto-generated', 0, '2026-02-19 07:07:30', '2026-02-19 07:07:30'),
(2844, 2, 100017, 7, '2026-03-19', NULL, 38, '08:30:00', '09:30:00', NULL, NULL, 'Auto-generated', 0, '2026-02-19 07:07:30', '2026-02-19 07:07:30'),
(2845, 2, 100008, 8, '2026-03-19', NULL, 46, '15:15:00', '16:15:00', NULL, NULL, 'Auto-generated', 0, '2026-02-19 07:07:30', '2026-02-19 07:07:30'),
(2846, 2, 100020, 2, '2026-03-20', NULL, 44, '14:00:00', '15:00:00', NULL, NULL, 'Auto-generated', 0, '2026-02-19 07:07:30', '2026-02-19 07:07:30'),
(2847, 2, 100018, 3, '2026-03-20', NULL, 41, '10:45:00', '11:45:00', NULL, NULL, 'Auto-generated', 0, '2026-02-19 07:07:30', '2026-02-19 07:07:30'),
(2848, 2, 100004, 4, '2026-03-20', NULL, 40, '09:45:00', '10:45:00', NULL, NULL, 'Auto-generated', 0, '2026-02-19 07:07:30', '2026-02-19 07:07:30'),
(2849, 2, 100013, 5, '2026-03-20', NULL, 43, '13:00:00', '14:00:00', NULL, NULL, 'Auto-generated', 0, '2026-02-19 07:07:30', '2026-02-19 07:07:30'),
(2850, 2, 100015, 6, '2026-03-20', NULL, 37, '07:30:00', '08:30:00', NULL, NULL, 'Auto-generated', 0, '2026-02-19 07:07:30', '2026-02-19 07:07:30'),
(2851, 2, 100017, 7, '2026-03-20', NULL, 38, '08:30:00', '09:30:00', NULL, NULL, 'Auto-generated', 0, '2026-02-19 07:07:30', '2026-02-19 07:07:30'),
(2852, 2, 100008, 8, '2026-03-20', NULL, 46, '15:15:00', '16:15:00', NULL, NULL, 'Auto-generated', 0, '2026-02-19 07:07:30', '2026-02-19 07:07:30');

-- --------------------------------------------------------

--
-- Table structure for table `schedules_backup`
--

CREATE TABLE `schedules_backup` (
  `schedule_id` int(11) NOT NULL DEFAULT 0,
  `section_id` int(11) DEFAULT NULL,
  `faculty_id` int(11) NOT NULL,
  `subject_id` int(11) NOT NULL,
  `schedule_date` date NOT NULL,
  `day_of_week` enum('Monday','Tuesday','Wednesday','Thursday','Friday','Saturday') DEFAULT NULL,
  `time_slot_id` int(11) DEFAULT NULL,
  `start_time` time NOT NULL,
  `end_time` time NOT NULL,
  `room` varchar(50) DEFAULT NULL,
  `room_id` int(11) DEFAULT NULL,
  `notes` text DEFAULT NULL,
  `is_auto_generated` tinyint(1) DEFAULT 0,
  `created_at` timestamp NOT NULL DEFAULT current_timestamp(),
  `updated_at` timestamp NOT NULL DEFAULT current_timestamp() ON UPDATE current_timestamp()
) ENGINE=InnoDB DEFAULT CHARSET=utf8mb4 COLLATE=utf8mb4_general_ci;

--
-- Dumping data for table `schedules_backup`
--

INSERT INTO `schedules_backup` (`schedule_id`, `section_id`, `faculty_id`, `subject_id`, `schedule_date`, `day_of_week`, `time_slot_id`, `start_time`, `end_time`, `room`, `room_id`, `notes`, `is_auto_generated`, `created_at`, `updated_at`) VALUES
(1297, 3, 100017, 6, '2026-02-02', NULL, 14, '07:30:00', '08:30:00', NULL, NULL, 'Auto-generated', 0, '2026-01-27 14:48:04', '2026-01-27 14:48:04'),
(1298, 3, 100017, 7, '2026-02-02', NULL, 15, '08:30:00', '09:30:00', NULL, NULL, 'Auto-generated', 0, '2026-01-27 14:48:04', '2026-01-27 14:48:04'),
(1299, 3, 100020, 4, '2026-02-02', NULL, 17, '09:45:00', '10:45:00', NULL, NULL, 'Auto-generated', 0, '2026-01-27 14:48:04', '2026-01-27 14:48:04'),
(1300, 3, 100010, 3, '2026-02-02', NULL, 18, '10:45:00', '11:45:00', NULL, NULL, 'Auto-generated', 0, '2026-01-27 14:48:04', '2026-01-27 14:48:04'),
(1301, 3, 100016, 2, '2026-02-02', NULL, 21, '14:00:00', '15:00:00', NULL, NULL, 'Auto-generated', 0, '2026-01-27 14:48:04', '2026-01-27 14:48:04'),
(1302, 3, 100020, 9, '2026-02-02', NULL, 23, '15:15:00', '16:15:00', NULL, NULL, 'Auto-generated', 0, '2026-01-27 14:48:04', '2026-01-27 14:48:04'),
(1303, 3, 100010, 5, '2026-02-02', NULL, 20, '13:00:00', '14:00:00', NULL, NULL, 'Auto-generated', 0, '2026-01-27 14:48:04', '2026-01-27 14:48:04'),
(1304, 3, 100017, 6, '2026-02-03', NULL, 14, '07:30:00', '08:30:00', NULL, NULL, 'Auto-generated', 0, '2026-01-27 14:48:04', '2026-01-27 14:48:04'),
(1305, 3, 100017, 7, '2026-02-03', NULL, 15, '08:30:00', '09:30:00', NULL, NULL, 'Auto-generated', 0, '2026-01-27 14:48:04', '2026-01-27 14:48:04'),
(1306, 3, 100020, 4, '2026-02-03', NULL, 17, '09:45:00', '10:45:00', NULL, NULL, 'Auto-generated', 0, '2026-01-27 14:48:04', '2026-01-27 14:48:04'),
(1307, 3, 100010, 3, '2026-02-03', NULL, 18, '10:45:00', '11:45:00', NULL, NULL, 'Auto-generated', 0, '2026-01-27 14:48:04', '2026-01-27 14:48:04'),
(1308, 3, 100016, 2, '2026-02-03', NULL, 21, '14:00:00', '15:00:00', NULL, NULL, 'Auto-generated', 0, '2026-01-27 14:48:04', '2026-01-27 14:48:04'),
(1309, 3, 100020, 9, '2026-02-03', NULL, 23, '15:15:00', '16:15:00', NULL, NULL, 'Auto-generated', 0, '2026-01-27 14:48:04', '2026-01-27 14:48:04'),
(1310, 3, 100010, 5, '2026-02-03', NULL, 20, '13:00:00', '14:00:00', NULL, NULL, 'Auto-generated', 0, '2026-01-27 14:48:04', '2026-01-27 14:48:04'),
(1311, 3, 100017, 6, '2026-02-04', NULL, 14, '07:30:00', '08:30:00', NULL, NULL, 'Auto-generated', 0, '2026-01-27 14:48:04', '2026-01-27 14:48:04'),
(1312, 3, 100017, 7, '2026-02-04', NULL, 15, '08:30:00', '09:30:00', NULL, NULL, 'Auto-generated', 0, '2026-01-27 14:48:04', '2026-01-27 14:48:04'),
(1313, 3, 100020, 4, '2026-02-04', NULL, 17, '09:45:00', '10:45:00', NULL, NULL, 'Auto-generated', 0, '2026-01-27 14:48:04', '2026-01-27 14:48:04'),
(1314, 3, 100010, 3, '2026-02-04', NULL, 18, '10:45:00', '11:45:00', NULL, NULL, 'Auto-generated', 0, '2026-01-27 14:48:04', '2026-01-27 14:48:04'),
(1315, 3, 100016, 2, '2026-02-04', NULL, 21, '14:00:00', '15:00:00', NULL, NULL, 'Auto-generated', 0, '2026-01-27 14:48:04', '2026-01-27 14:48:04'),
(1316, 3, 100020, 9, '2026-02-04', NULL, 23, '15:15:00', '16:15:00', NULL, NULL, 'Auto-generated', 0, '2026-01-27 14:48:04', '2026-01-27 14:48:04'),
(1317, 3, 100010, 5, '2026-02-04', NULL, 20, '13:00:00', '14:00:00', NULL, NULL, 'Auto-generated', 0, '2026-01-27 14:48:04', '2026-01-27 14:48:04'),
(1318, 3, 100017, 6, '2026-02-05', NULL, 14, '07:30:00', '08:30:00', NULL, NULL, 'Auto-generated', 0, '2026-01-27 14:48:04', '2026-01-27 14:48:04'),
(1319, 3, 100017, 7, '2026-02-05', NULL, 15, '08:30:00', '09:30:00', NULL, NULL, 'Auto-generated', 0, '2026-01-27 14:48:04', '2026-01-27 14:48:04'),
(1320, 3, 100020, 4, '2026-02-05', NULL, 17, '09:45:00', '10:45:00', NULL, NULL, 'Auto-generated', 0, '2026-01-27 14:48:04', '2026-01-27 14:48:04'),
(1321, 3, 100010, 3, '2026-02-05', NULL, 18, '10:45:00', '11:45:00', NULL, NULL, 'Auto-generated', 0, '2026-01-27 14:48:04', '2026-01-27 14:48:04'),
(1322, 3, 100016, 2, '2026-02-05', NULL, 21, '14:00:00', '15:00:00', NULL, NULL, 'Auto-generated', 0, '2026-01-27 14:48:04', '2026-01-27 14:48:04'),
(1323, 3, 100020, 9, '2026-02-05', NULL, 23, '15:15:00', '16:15:00', NULL, NULL, 'Auto-generated', 0, '2026-01-27 14:48:04', '2026-01-27 14:48:04'),
(1324, 3, 100010, 5, '2026-02-05', NULL, 20, '13:00:00', '14:00:00', NULL, NULL, 'Auto-generated', 0, '2026-01-27 14:48:04', '2026-01-27 14:48:04'),
(1325, 3, 100017, 6, '2026-02-06', NULL, 14, '07:30:00', '08:30:00', NULL, NULL, 'Auto-generated', 0, '2026-01-27 14:48:05', '2026-01-27 14:48:05'),
(1326, 3, 100017, 7, '2026-02-06', NULL, 15, '08:30:00', '09:30:00', NULL, NULL, 'Auto-generated', 0, '2026-01-27 14:48:05', '2026-01-27 14:48:05'),
(1327, 3, 100020, 4, '2026-02-06', NULL, 17, '09:45:00', '10:45:00', NULL, NULL, 'Auto-generated', 0, '2026-01-27 14:48:05', '2026-01-27 14:48:05'),
(1328, 3, 100010, 3, '2026-02-06', NULL, 18, '10:45:00', '11:45:00', NULL, NULL, 'Auto-generated', 0, '2026-01-27 14:48:05', '2026-01-27 14:48:05'),
(1329, 3, 100016, 2, '2026-02-06', NULL, 21, '14:00:00', '15:00:00', NULL, NULL, 'Auto-generated', 0, '2026-01-27 14:48:05', '2026-01-27 14:48:05'),
(1330, 3, 100020, 9, '2026-02-06', NULL, 23, '15:15:00', '16:15:00', NULL, NULL, 'Auto-generated', 0, '2026-01-27 14:48:05', '2026-01-27 14:48:05'),
(1331, 3, 100010, 5, '2026-02-06', NULL, 20, '13:00:00', '14:00:00', NULL, NULL, 'Auto-generated', 0, '2026-01-27 14:48:05', '2026-01-27 14:48:05'),
(1367, 3, 100017, 6, '2026-02-16', NULL, 14, '07:30:00', '08:30:00', NULL, NULL, 'Auto-generated', 0, '2026-01-27 14:48:05', '2026-01-27 14:48:05'),
(1368, 3, 100017, 7, '2026-02-16', NULL, 15, '08:30:00', '09:30:00', NULL, NULL, 'Auto-generated', 0, '2026-01-27 14:48:05', '2026-01-27 14:48:05'),
(1369, 3, 100020, 4, '2026-02-16', NULL, 17, '09:45:00', '10:45:00', NULL, NULL, 'Auto-generated', 0, '2026-01-27 14:48:05', '2026-01-27 14:48:05'),
(1370, 3, 100010, 3, '2026-02-16', NULL, 18, '10:45:00', '11:45:00', NULL, NULL, 'Auto-generated', 0, '2026-01-27 14:48:05', '2026-01-27 14:48:05'),
(1371, 3, 100016, 2, '2026-02-16', NULL, 21, '14:00:00', '15:00:00', NULL, NULL, 'Auto-generated', 0, '2026-01-27 14:48:05', '2026-01-27 14:48:05'),
(1372, 3, 100020, 9, '2026-02-16', NULL, 23, '15:15:00', '16:15:00', NULL, NULL, 'Auto-generated', 0, '2026-01-27 14:48:05', '2026-01-27 14:48:05'),
(1373, 3, 100010, 5, '2026-02-16', NULL, 20, '13:00:00', '14:00:00', NULL, NULL, 'Auto-generated', 0, '2026-01-27 14:48:05', '2026-01-27 14:48:05'),
(1374, 3, 100017, 6, '2026-02-17', NULL, 14, '07:30:00', '08:30:00', NULL, NULL, 'Auto-generated', 0, '2026-01-27 14:48:05', '2026-01-27 14:48:05'),
(1375, 3, 100017, 7, '2026-02-17', NULL, 15, '08:30:00', '09:30:00', NULL, NULL, 'Auto-generated', 0, '2026-01-27 14:48:05', '2026-01-27 14:48:05'),
(1376, 3, 100020, 4, '2026-02-17', NULL, 17, '09:45:00', '10:45:00', NULL, NULL, 'Auto-generated', 0, '2026-01-27 14:48:05', '2026-01-27 14:48:05'),
(1377, 3, 100010, 3, '2026-02-17', NULL, 18, '10:45:00', '11:45:00', NULL, NULL, 'Auto-generated', 0, '2026-01-27 14:48:05', '2026-01-27 14:48:05'),
(1378, 3, 100016, 2, '2026-02-17', NULL, 21, '14:00:00', '15:00:00', NULL, NULL, 'Auto-generated', 0, '2026-01-27 14:48:05', '2026-01-27 14:48:05'),
(1379, 3, 100020, 9, '2026-02-17', NULL, 23, '15:15:00', '16:15:00', NULL, NULL, 'Auto-generated', 0, '2026-01-27 14:48:05', '2026-01-27 14:48:05'),
(1380, 3, 100010, 5, '2026-02-17', NULL, 20, '13:00:00', '14:00:00', NULL, NULL, 'Auto-generated', 0, '2026-01-27 14:48:05', '2026-01-27 14:48:05'),
(1381, 3, 100017, 6, '2026-02-18', NULL, 14, '07:30:00', '08:30:00', NULL, NULL, 'Auto-generated', 0, '2026-01-27 14:48:05', '2026-01-27 14:48:05'),
(1382, 3, 100017, 7, '2026-02-18', NULL, 15, '08:30:00', '09:30:00', NULL, NULL, 'Auto-generated', 0, '2026-01-27 14:48:05', '2026-01-27 14:48:05'),
(1383, 3, 100020, 4, '2026-02-18', NULL, 17, '09:45:00', '10:45:00', NULL, NULL, 'Auto-generated', 0, '2026-01-27 14:48:05', '2026-01-27 14:48:05'),
(1384, 3, 100010, 3, '2026-02-18', NULL, 18, '10:45:00', '11:45:00', NULL, NULL, 'Auto-generated', 0, '2026-01-27 14:48:05', '2026-01-27 14:48:05'),
(1385, 3, 100016, 2, '2026-02-18', NULL, 21, '14:00:00', '15:00:00', NULL, NULL, 'Auto-generated', 0, '2026-01-27 14:48:05', '2026-01-27 14:48:05'),
(1386, 3, 100020, 9, '2026-02-18', NULL, 23, '15:15:00', '16:15:00', NULL, NULL, 'Auto-generated', 0, '2026-01-27 14:48:05', '2026-01-27 14:48:05'),
(1387, 3, 100010, 5, '2026-02-18', NULL, 20, '13:00:00', '14:00:00', NULL, NULL, 'Auto-generated', 0, '2026-01-27 14:48:05', '2026-01-27 14:48:05'),
(1388, 3, 100017, 6, '2026-02-19', NULL, 14, '07:30:00', '08:30:00', NULL, NULL, 'Auto-generated', 0, '2026-01-27 14:48:05', '2026-01-27 14:48:05'),
(1389, 3, 100017, 7, '2026-02-19', NULL, 15, '08:30:00', '09:30:00', NULL, NULL, 'Auto-generated', 0, '2026-01-27 14:48:05', '2026-01-27 14:48:05'),
(1390, 3, 100020, 4, '2026-02-19', NULL, 17, '09:45:00', '10:45:00', NULL, NULL, 'Auto-generated', 0, '2026-01-27 14:48:05', '2026-01-27 14:48:05'),
(1391, 3, 100010, 3, '2026-02-19', NULL, 18, '10:45:00', '11:45:00', NULL, NULL, 'Auto-generated', 0, '2026-01-27 14:48:05', '2026-01-27 14:48:05'),
(1392, 3, 100016, 2, '2026-02-19', NULL, 21, '14:00:00', '15:00:00', NULL, NULL, 'Auto-generated', 0, '2026-01-27 14:48:05', '2026-01-27 14:48:05'),
(1393, 3, 100020, 9, '2026-02-19', NULL, 23, '15:15:00', '16:15:00', NULL, NULL, 'Auto-generated', 0, '2026-01-27 14:48:05', '2026-01-27 14:48:05'),
(1394, 3, 100010, 5, '2026-02-19', NULL, 20, '13:00:00', '14:00:00', NULL, NULL, 'Auto-generated', 0, '2026-01-27 14:48:05', '2026-01-27 14:48:05'),
(1395, 3, 100017, 6, '2026-02-20', NULL, 14, '07:30:00', '08:30:00', NULL, NULL, 'Auto-generated', 0, '2026-01-27 14:48:05', '2026-01-27 14:48:05'),
(1396, 3, 100017, 7, '2026-02-20', NULL, 15, '08:30:00', '09:30:00', NULL, NULL, 'Auto-generated', 0, '2026-01-27 14:48:05', '2026-01-27 14:48:05'),
(1397, 3, 100020, 4, '2026-02-20', NULL, 17, '09:45:00', '10:45:00', NULL, NULL, 'Auto-generated', 0, '2026-01-27 14:48:05', '2026-01-27 14:48:05'),
(1398, 3, 100010, 3, '2026-02-20', NULL, 18, '10:45:00', '11:45:00', NULL, NULL, 'Auto-generated', 0, '2026-01-27 14:48:05', '2026-01-27 14:48:05'),
(1399, 3, 100016, 2, '2026-02-20', NULL, 21, '14:00:00', '15:00:00', NULL, NULL, 'Auto-generated', 0, '2026-01-27 14:48:05', '2026-01-27 14:48:05'),
(1400, 3, 100020, 9, '2026-02-20', NULL, 23, '15:15:00', '16:15:00', NULL, NULL, 'Auto-generated', 0, '2026-01-27 14:48:05', '2026-01-27 14:48:05'),
(1401, 3, 100010, 5, '2026-02-20', NULL, 20, '13:00:00', '14:00:00', NULL, NULL, 'Auto-generated', 0, '2026-01-27 14:48:05', '2026-01-27 14:48:05'),
(1402, 3, 100017, 6, '2026-02-23', NULL, 14, '07:30:00', '08:30:00', NULL, NULL, 'Auto-generated', 0, '2026-01-27 14:48:05', '2026-01-27 14:48:05'),
(1403, 3, 100017, 7, '2026-02-23', NULL, 15, '08:30:00', '09:30:00', NULL, NULL, 'Auto-generated', 0, '2026-01-27 14:48:05', '2026-01-27 14:48:05'),
(1404, 3, 100020, 4, '2026-02-23', NULL, 17, '09:45:00', '10:45:00', NULL, NULL, 'Auto-generated', 0, '2026-01-27 14:48:05', '2026-01-27 14:48:05'),
(1405, 3, 100010, 3, '2026-02-23', NULL, 18, '10:45:00', '11:45:00', NULL, NULL, 'Auto-generated', 0, '2026-01-27 14:48:05', '2026-01-27 14:48:05'),
(1406, 3, 100016, 2, '2026-02-23', NULL, 21, '14:00:00', '15:00:00', NULL, NULL, 'Auto-generated', 0, '2026-01-27 14:48:05', '2026-01-27 14:48:05'),
(1407, 3, 100020, 9, '2026-02-23', NULL, 23, '15:15:00', '16:15:00', NULL, NULL, 'Auto-generated', 0, '2026-01-27 14:48:05', '2026-01-27 14:48:05'),
(1408, 3, 100010, 5, '2026-02-23', NULL, 20, '13:00:00', '14:00:00', NULL, NULL, 'Auto-generated', 0, '2026-01-27 14:48:05', '2026-01-27 14:48:05'),
(1409, 3, 100017, 6, '2026-02-24', NULL, 14, '07:30:00', '08:30:00', NULL, NULL, 'Auto-generated', 0, '2026-01-27 14:48:05', '2026-01-27 14:48:05'),
(1410, 3, 100017, 7, '2026-02-24', NULL, 15, '08:30:00', '09:30:00', NULL, NULL, 'Auto-generated', 0, '2026-01-27 14:48:05', '2026-01-27 14:48:05'),
(1411, 3, 100020, 4, '2026-02-24', NULL, 17, '09:45:00', '10:45:00', NULL, NULL, 'Auto-generated', 0, '2026-01-27 14:48:05', '2026-01-27 14:48:05'),
(1412, 3, 100010, 3, '2026-02-24', NULL, 18, '10:45:00', '11:45:00', NULL, NULL, 'Auto-generated', 0, '2026-01-27 14:48:05', '2026-01-27 14:48:05'),
(1413, 3, 100016, 2, '2026-02-24', NULL, 21, '14:00:00', '15:00:00', NULL, NULL, 'Auto-generated', 0, '2026-01-27 14:48:05', '2026-01-27 14:48:05'),
(1414, 3, 100020, 9, '2026-02-24', NULL, 23, '15:15:00', '16:15:00', NULL, NULL, 'Auto-generated', 0, '2026-01-27 14:48:05', '2026-01-27 14:48:05'),
(1415, 3, 100010, 5, '2026-02-24', NULL, 20, '13:00:00', '14:00:00', NULL, NULL, 'Auto-generated', 0, '2026-01-27 14:48:05', '2026-01-27 14:48:05'),
(1416, 3, 100017, 6, '2026-02-25', NULL, 14, '07:30:00', '08:30:00', NULL, NULL, 'Auto-generated', 0, '2026-01-27 14:48:05', '2026-01-27 14:48:05'),
(1417, 3, 100017, 7, '2026-02-25', NULL, 15, '08:30:00', '09:30:00', NULL, NULL, 'Auto-generated', 0, '2026-01-27 14:48:05', '2026-01-27 14:48:05'),
(1418, 3, 100020, 4, '2026-02-25', NULL, 17, '09:45:00', '10:45:00', NULL, NULL, 'Auto-generated', 0, '2026-01-27 14:48:05', '2026-01-27 14:48:05'),
(1419, 3, 100010, 3, '2026-02-25', NULL, 18, '10:45:00', '11:45:00', NULL, NULL, 'Auto-generated', 0, '2026-01-27 14:48:05', '2026-01-27 14:48:05'),
(1420, 3, 100016, 2, '2026-02-25', NULL, 21, '14:00:00', '15:00:00', NULL, NULL, 'Auto-generated', 0, '2026-01-27 14:48:05', '2026-01-27 14:48:05'),
(1421, 3, 100020, 9, '2026-02-25', NULL, 23, '15:15:00', '16:15:00', NULL, NULL, 'Auto-generated', 0, '2026-01-27 14:48:05', '2026-01-27 14:48:05'),
(1422, 3, 100010, 5, '2026-02-25', NULL, 20, '13:00:00', '14:00:00', NULL, NULL, 'Auto-generated', 0, '2026-01-27 14:48:05', '2026-01-27 14:48:05'),
(1423, 3, 100017, 6, '2026-02-26', NULL, 14, '07:30:00', '08:30:00', NULL, NULL, 'Auto-generated', 0, '2026-01-27 14:48:05', '2026-01-27 14:48:05'),
(1424, 3, 100017, 7, '2026-02-26', NULL, 15, '08:30:00', '09:30:00', NULL, NULL, 'Auto-generated', 0, '2026-01-27 14:48:05', '2026-01-27 14:48:05'),
(1425, 3, 100020, 4, '2026-02-26', NULL, 17, '09:45:00', '10:45:00', NULL, NULL, 'Auto-generated', 0, '2026-01-27 14:48:05', '2026-01-27 14:48:05'),
(1426, 3, 100010, 3, '2026-02-26', NULL, 18, '10:45:00', '11:45:00', NULL, NULL, 'Auto-generated', 0, '2026-01-27 14:48:05', '2026-01-27 14:48:05'),
(1427, 3, 100016, 2, '2026-02-26', NULL, 21, '14:00:00', '15:00:00', NULL, NULL, 'Auto-generated', 0, '2026-01-27 14:48:05', '2026-01-27 14:48:05'),
(1428, 3, 100020, 9, '2026-02-26', NULL, 23, '15:15:00', '16:15:00', NULL, NULL, 'Auto-generated', 0, '2026-01-27 14:48:05', '2026-01-27 14:48:05'),
(1429, 3, 100010, 5, '2026-02-26', NULL, 20, '13:00:00', '14:00:00', NULL, NULL, 'Auto-generated', 0, '2026-01-27 14:48:05', '2026-01-27 14:48:05'),
(1430, 3, 100017, 6, '2026-02-27', NULL, 14, '07:30:00', '08:30:00', NULL, NULL, 'Auto-generated', 0, '2026-01-27 14:48:05', '2026-01-27 14:48:05'),
(1431, 3, 100017, 7, '2026-02-27', NULL, 15, '08:30:00', '09:30:00', NULL, NULL, 'Auto-generated', 0, '2026-01-27 14:48:05', '2026-01-27 14:48:05'),
(1432, 3, 100020, 4, '2026-02-27', NULL, 17, '09:45:00', '10:45:00', NULL, NULL, 'Auto-generated', 0, '2026-01-27 14:48:05', '2026-01-27 14:48:05'),
(1433, 3, 100010, 3, '2026-02-27', NULL, 18, '10:45:00', '11:45:00', NULL, NULL, 'Auto-generated', 0, '2026-01-27 14:48:05', '2026-01-27 14:48:05'),
(1434, 3, 100016, 2, '2026-02-27', NULL, 21, '14:00:00', '15:00:00', NULL, NULL, 'Auto-generated', 0, '2026-01-27 14:48:05', '2026-01-27 14:48:05'),
(1435, 3, 100020, 9, '2026-02-27', NULL, 23, '15:15:00', '16:15:00', NULL, NULL, 'Auto-generated', 0, '2026-01-27 14:48:05', '2026-01-27 14:48:05'),
(1436, 3, 100010, 5, '2026-02-27', NULL, 20, '13:00:00', '14:00:00', NULL, NULL, 'Auto-generated', 0, '2026-01-27 14:48:05', '2026-01-27 14:48:05'),
(1507, 3, 100017, 6, '2026-02-09', NULL, 14, '07:30:00', '08:30:00', NULL, NULL, 'Auto-generated', 0, '2026-01-27 14:58:37', '2026-01-27 14:58:37'),
(1508, 3, 100017, 7, '2026-02-09', NULL, 15, '08:30:00', '09:30:00', NULL, NULL, 'Auto-generated', 0, '2026-01-27 14:58:37', '2026-01-27 14:58:37'),
(1509, 3, 100020, 4, '2026-02-09', NULL, 17, '09:45:00', '10:45:00', NULL, NULL, 'Auto-generated', 0, '2026-01-27 14:58:37', '2026-01-27 14:58:37'),
(1510, 3, 100010, 3, '2026-02-09', NULL, 18, '10:45:00', '11:45:00', NULL, NULL, 'Auto-generated', 0, '2026-01-27 14:58:37', '2026-01-27 14:58:37'),
(1511, 3, 100016, 2, '2026-02-09', NULL, 21, '14:00:00', '15:00:00', NULL, NULL, 'Auto-generated', 0, '2026-01-27 14:58:37', '2026-01-27 14:58:37'),
(1512, 3, 100020, 9, '2026-02-09', NULL, 23, '15:15:00', '16:15:00', NULL, NULL, 'Auto-generated', 0, '2026-01-27 14:58:37', '2026-01-27 14:58:37'),
(1513, 3, 100010, 5, '2026-02-09', NULL, 20, '13:00:00', '14:00:00', NULL, NULL, 'Auto-generated', 0, '2026-01-27 14:58:37', '2026-01-27 14:58:37'),
(1514, 3, 100017, 6, '2026-02-10', NULL, 14, '07:30:00', '08:30:00', NULL, NULL, 'Auto-generated', 0, '2026-01-27 14:58:37', '2026-01-27 14:58:37'),
(1515, 3, 100017, 7, '2026-02-10', NULL, 15, '08:30:00', '09:30:00', NULL, NULL, 'Auto-generated', 0, '2026-01-27 14:58:37', '2026-01-27 14:58:37'),
(1516, 3, 100020, 4, '2026-02-10', NULL, 17, '09:45:00', '10:45:00', NULL, NULL, 'Auto-generated', 0, '2026-01-27 14:58:37', '2026-01-27 14:58:37'),
(1517, 3, 100010, 3, '2026-02-10', NULL, 18, '10:45:00', '11:45:00', NULL, NULL, 'Auto-generated', 0, '2026-01-27 14:58:37', '2026-01-27 14:58:37'),
(1518, 3, 100016, 2, '2026-02-10', NULL, 21, '14:00:00', '15:00:00', NULL, NULL, 'Auto-generated', 0, '2026-01-27 14:58:37', '2026-01-27 14:58:37'),
(1519, 3, 100020, 9, '2026-02-10', NULL, 23, '15:15:00', '16:15:00', NULL, NULL, 'Auto-generated', 0, '2026-01-27 14:58:37', '2026-01-27 14:58:37'),
(1520, 3, 100010, 5, '2026-02-10', NULL, 20, '13:00:00', '14:00:00', NULL, NULL, 'Auto-generated', 0, '2026-01-27 14:58:37', '2026-01-27 14:58:37'),
(1521, 3, 100017, 6, '2026-02-11', NULL, 14, '07:30:00', '08:30:00', NULL, NULL, 'Auto-generated', 0, '2026-01-27 14:58:37', '2026-01-27 14:58:37'),
(1522, 3, 100017, 7, '2026-02-11', NULL, 15, '08:30:00', '09:30:00', NULL, NULL, 'Auto-generated', 0, '2026-01-27 14:58:37', '2026-01-27 14:58:37'),
(1523, 3, 100020, 4, '2026-02-11', NULL, 17, '09:45:00', '10:45:00', NULL, NULL, 'Auto-generated', 0, '2026-01-27 14:58:37', '2026-01-27 14:58:37'),
(1524, 3, 100010, 3, '2026-02-11', NULL, 18, '10:45:00', '11:45:00', NULL, NULL, 'Auto-generated', 0, '2026-01-27 14:58:37', '2026-01-27 14:58:37'),
(1525, 3, 100016, 2, '2026-02-11', NULL, 21, '14:00:00', '15:00:00', NULL, NULL, 'Auto-generated', 0, '2026-01-27 14:58:37', '2026-01-27 14:58:37'),
(1526, 3, 100020, 9, '2026-02-11', NULL, 23, '15:15:00', '16:15:00', NULL, NULL, 'Auto-generated', 0, '2026-01-27 14:58:37', '2026-01-27 14:58:37'),
(1527, 3, 100010, 5, '2026-02-11', NULL, 20, '13:00:00', '14:00:00', NULL, NULL, 'Auto-generated', 0, '2026-01-27 14:58:37', '2026-01-27 14:58:37'),
(1528, 3, 100017, 6, '2026-02-12', NULL, 14, '07:30:00', '08:30:00', NULL, NULL, 'Auto-generated', 0, '2026-01-27 14:58:37', '2026-01-27 14:58:37'),
(1529, 3, 100017, 7, '2026-02-12', NULL, 15, '08:30:00', '09:30:00', NULL, NULL, 'Auto-generated', 0, '2026-01-27 14:58:37', '2026-01-27 14:58:37'),
(1530, 3, 100020, 4, '2026-02-12', NULL, 17, '09:45:00', '10:45:00', NULL, NULL, 'Auto-generated', 0, '2026-01-27 14:58:37', '2026-01-27 14:58:37'),
(1531, 3, 100010, 3, '2026-02-12', NULL, 18, '10:45:00', '11:45:00', NULL, NULL, 'Auto-generated', 0, '2026-01-27 14:58:37', '2026-01-27 14:58:37'),
(1532, 3, 100016, 2, '2026-02-12', NULL, 21, '14:00:00', '15:00:00', NULL, NULL, 'Auto-generated', 0, '2026-01-27 14:58:37', '2026-01-27 14:58:37'),
(1533, 3, 100020, 9, '2026-02-12', NULL, 23, '15:15:00', '16:15:00', NULL, NULL, 'Auto-generated', 0, '2026-01-27 14:58:37', '2026-01-27 14:58:37'),
(1534, 3, 100010, 5, '2026-02-12', NULL, 20, '13:00:00', '14:00:00', NULL, NULL, 'Auto-generated', 0, '2026-01-27 14:58:37', '2026-01-27 14:58:37'),
(1535, 3, 100017, 6, '2026-02-13', NULL, 14, '07:30:00', '08:30:00', NULL, NULL, 'Auto-generated', 0, '2026-01-27 14:58:37', '2026-01-27 14:58:37'),
(1536, 3, 100017, 7, '2026-02-13', NULL, 15, '08:30:00', '09:30:00', NULL, NULL, 'Auto-generated', 0, '2026-01-27 14:58:37', '2026-01-27 14:58:37'),
(1537, 3, 100020, 4, '2026-02-13', NULL, 17, '09:45:00', '10:45:00', NULL, NULL, 'Auto-generated', 0, '2026-01-27 14:58:37', '2026-01-27 14:58:37'),
(1538, 3, 100010, 3, '2026-02-13', NULL, 18, '10:45:00', '11:45:00', NULL, NULL, 'Auto-generated', 0, '2026-01-27 14:58:37', '2026-01-27 14:58:37'),
(1539, 3, 100016, 2, '2026-02-13', NULL, 21, '14:00:00', '15:00:00', NULL, NULL, 'Auto-generated', 0, '2026-01-27 14:58:37', '2026-01-27 14:58:37'),
(1540, 3, 100020, 9, '2026-02-13', NULL, 23, '15:15:00', '16:15:00', NULL, NULL, 'Auto-generated', 0, '2026-01-27 14:58:37', '2026-01-27 14:58:37'),
(1541, 3, 100010, 5, '2026-02-13', NULL, 20, '13:00:00', '14:00:00', NULL, NULL, 'Auto-generated', 0, '2026-01-27 14:58:37', '2026-01-27 14:58:37'),
(1612, 2, 100017, 6, '2026-02-02', NULL, 37, '07:30:00', '08:30:00', NULL, NULL, 'Auto-generated', 0, '2026-01-27 15:07:43', '2026-01-27 15:07:43'),
(1613, 2, 100017, 7, '2026-02-02', NULL, 38, '08:30:00', '09:30:00', NULL, NULL, 'Auto-generated', 0, '2026-01-27 15:07:43', '2026-01-27 15:07:43'),
(1614, 2, 100020, 4, '2026-02-02', NULL, 40, '09:45:00', '10:45:00', NULL, NULL, 'Auto-generated', 0, '2026-01-27 15:07:43', '2026-01-27 15:07:43'),
(1615, 2, 100010, 3, '2026-02-02', NULL, 41, '10:45:00', '11:45:00', NULL, NULL, 'Auto-generated', 0, '2026-01-27 15:07:43', '2026-01-27 15:07:43'),
(1616, 2, 100010, 5, '2026-02-02', NULL, 43, '13:00:00', '14:00:00', NULL, NULL, 'Auto-generated', 0, '2026-01-27 15:07:43', '2026-01-27 15:07:43'),
(1617, 2, 100020, 2, '2026-02-02', NULL, 44, '14:00:00', '15:00:00', NULL, NULL, 'Auto-generated', 0, '2026-01-27 15:07:43', '2026-01-27 15:07:43'),
(1618, 2, 100020, 8, '2026-02-02', NULL, 46, '15:15:00', '16:15:00', NULL, NULL, 'Auto-generated', 0, '2026-01-27 15:07:43', '2026-01-27 15:07:43'),
(1619, 2, 100017, 6, '2026-02-03', NULL, 37, '07:30:00', '08:30:00', NULL, NULL, 'Auto-generated', 0, '2026-01-27 15:07:43', '2026-01-27 15:07:43'),
(1620, 2, 100017, 7, '2026-02-03', NULL, 38, '08:30:00', '09:30:00', NULL, NULL, 'Auto-generated', 0, '2026-01-27 15:07:43', '2026-01-27 15:07:43'),
(1621, 2, 100020, 4, '2026-02-03', NULL, 40, '09:45:00', '10:45:00', NULL, NULL, 'Auto-generated', 0, '2026-01-27 15:07:43', '2026-01-27 15:07:43'),
(1622, 2, 100010, 3, '2026-02-03', NULL, 41, '10:45:00', '11:45:00', NULL, NULL, 'Auto-generated', 0, '2026-01-27 15:07:43', '2026-01-27 15:07:43'),
(1623, 2, 100010, 5, '2026-02-03', NULL, 43, '13:00:00', '14:00:00', NULL, NULL, 'Auto-generated', 0, '2026-01-27 15:07:43', '2026-01-27 15:07:43'),
(1624, 2, 100020, 2, '2026-02-03', NULL, 44, '14:00:00', '15:00:00', NULL, NULL, 'Auto-generated', 0, '2026-01-27 15:07:43', '2026-01-27 15:07:43'),
(1625, 2, 100020, 8, '2026-02-03', NULL, 46, '15:15:00', '16:15:00', NULL, NULL, 'Auto-generated', 0, '2026-01-27 15:07:43', '2026-01-27 15:07:43'),
(1626, 2, 100017, 6, '2026-02-04', NULL, 37, '07:30:00', '08:30:00', NULL, NULL, 'Auto-generated', 0, '2026-01-27 15:07:43', '2026-01-27 15:07:43'),
(1627, 2, 100017, 7, '2026-02-04', NULL, 38, '08:30:00', '09:30:00', NULL, NULL, 'Auto-generated', 0, '2026-01-27 15:07:43', '2026-01-27 15:07:43'),
(1628, 2, 100020, 4, '2026-02-04', NULL, 40, '09:45:00', '10:45:00', NULL, NULL, 'Auto-generated', 0, '2026-01-27 15:07:43', '2026-01-27 15:07:43'),
(1629, 2, 100010, 3, '2026-02-04', NULL, 41, '10:45:00', '11:45:00', NULL, NULL, 'Auto-generated', 0, '2026-01-27 15:07:43', '2026-01-27 15:07:43'),
(1630, 2, 100010, 5, '2026-02-04', NULL, 43, '13:00:00', '14:00:00', NULL, NULL, 'Auto-generated', 0, '2026-01-27 15:07:43', '2026-01-27 15:07:43'),
(1631, 2, 100020, 2, '2026-02-04', NULL, 44, '14:00:00', '15:00:00', NULL, NULL, 'Auto-generated', 0, '2026-01-27 15:07:43', '2026-01-27 15:07:43'),
(1632, 2, 100020, 8, '2026-02-04', NULL, 46, '15:15:00', '16:15:00', NULL, NULL, 'Auto-generated', 0, '2026-01-27 15:07:43', '2026-01-27 15:07:43'),
(1633, 2, 100017, 6, '2026-02-05', NULL, 37, '07:30:00', '08:30:00', NULL, NULL, 'Auto-generated', 0, '2026-01-27 15:07:43', '2026-01-27 15:07:43'),
(1634, 2, 100017, 7, '2026-02-05', NULL, 38, '08:30:00', '09:30:00', NULL, NULL, 'Auto-generated', 0, '2026-01-27 15:07:43', '2026-01-27 15:07:43'),
(1635, 2, 100020, 4, '2026-02-05', NULL, 40, '09:45:00', '10:45:00', NULL, NULL, 'Auto-generated', 0, '2026-01-27 15:07:43', '2026-01-27 15:07:43'),
(1636, 2, 100010, 3, '2026-02-05', NULL, 41, '10:45:00', '11:45:00', NULL, NULL, 'Auto-generated', 0, '2026-01-27 15:07:43', '2026-01-27 15:07:43'),
(1637, 2, 100010, 5, '2026-02-05', NULL, 43, '13:00:00', '14:00:00', NULL, NULL, 'Auto-generated', 0, '2026-01-27 15:07:43', '2026-01-27 15:07:43'),
(1638, 2, 100020, 2, '2026-02-05', NULL, 44, '14:00:00', '15:00:00', NULL, NULL, 'Auto-generated', 0, '2026-01-27 15:07:43', '2026-01-27 15:07:43'),
(1639, 2, 100020, 8, '2026-02-05', NULL, 46, '15:15:00', '16:15:00', NULL, NULL, 'Auto-generated', 0, '2026-01-27 15:07:43', '2026-01-27 15:07:43'),
(1640, 2, 100017, 6, '2026-02-06', NULL, 37, '07:30:00', '08:30:00', NULL, NULL, 'Auto-generated', 0, '2026-01-27 15:07:43', '2026-01-27 15:07:43'),
(1641, 2, 100017, 7, '2026-02-06', NULL, 38, '08:30:00', '09:30:00', NULL, NULL, 'Auto-generated', 0, '2026-01-27 15:07:43', '2026-01-27 15:07:43'),
(1642, 2, 100020, 4, '2026-02-06', NULL, 40, '09:45:00', '10:45:00', NULL, NULL, 'Auto-generated', 0, '2026-01-27 15:07:43', '2026-01-27 15:07:43'),
(1643, 2, 100010, 3, '2026-02-06', NULL, 41, '10:45:00', '11:45:00', NULL, NULL, 'Auto-generated', 0, '2026-01-27 15:07:43', '2026-01-27 15:07:43'),
(1644, 2, 100010, 5, '2026-02-06', NULL, 43, '13:00:00', '14:00:00', NULL, NULL, 'Auto-generated', 0, '2026-01-27 15:07:43', '2026-01-27 15:07:43'),
(1645, 2, 100020, 2, '2026-02-06', NULL, 44, '14:00:00', '15:00:00', NULL, NULL, 'Auto-generated', 0, '2026-01-27 15:07:43', '2026-01-27 15:07:43'),
(1646, 2, 100020, 8, '2026-02-06', NULL, 46, '15:15:00', '16:15:00', NULL, NULL, 'Auto-generated', 0, '2026-01-27 15:07:43', '2026-01-27 15:07:43'),
(1647, 2, 100017, 6, '2026-02-09', NULL, 37, '07:30:00', '08:30:00', NULL, NULL, 'Auto-generated', 0, '2026-01-27 15:07:43', '2026-01-27 15:07:43'),
(1648, 2, 100017, 7, '2026-02-09', NULL, 38, '08:30:00', '09:30:00', NULL, NULL, 'Auto-generated', 0, '2026-01-27 15:07:43', '2026-01-27 15:07:43'),
(1649, 2, 100020, 4, '2026-02-09', NULL, 40, '09:45:00', '10:45:00', NULL, NULL, 'Auto-generated', 0, '2026-01-27 15:07:43', '2026-01-27 15:07:43'),
(1650, 2, 100010, 3, '2026-02-09', NULL, 41, '10:45:00', '11:45:00', NULL, NULL, 'Auto-generated', 0, '2026-01-27 15:07:43', '2026-01-27 15:07:43'),
(1651, 2, 100010, 5, '2026-02-09', NULL, 43, '13:00:00', '14:00:00', NULL, NULL, 'Auto-generated', 0, '2026-01-27 15:07:43', '2026-01-27 15:07:43'),
(1652, 2, 100020, 2, '2026-02-09', NULL, 44, '14:00:00', '15:00:00', NULL, NULL, 'Auto-generated', 0, '2026-01-27 15:07:43', '2026-01-27 15:07:43'),
(1653, 2, 100020, 8, '2026-02-09', NULL, 46, '15:15:00', '16:15:00', NULL, NULL, 'Auto-generated', 0, '2026-01-27 15:07:43', '2026-01-27 15:07:43'),
(1654, 2, 100017, 6, '2026-02-10', NULL, 37, '07:30:00', '08:30:00', NULL, NULL, 'Auto-generated', 0, '2026-01-27 15:07:43', '2026-01-27 15:07:43'),
(1655, 2, 100017, 7, '2026-02-10', NULL, 38, '08:30:00', '09:30:00', NULL, NULL, 'Auto-generated', 0, '2026-01-27 15:07:43', '2026-01-27 15:07:43'),
(1656, 2, 100020, 4, '2026-02-10', NULL, 40, '09:45:00', '10:45:00', NULL, NULL, 'Auto-generated', 0, '2026-01-27 15:07:43', '2026-01-27 15:07:43'),
(1657, 2, 100010, 3, '2026-02-10', NULL, 41, '10:45:00', '11:45:00', NULL, NULL, 'Auto-generated', 0, '2026-01-27 15:07:43', '2026-01-27 15:07:43'),
(1658, 2, 100010, 5, '2026-02-10', NULL, 43, '13:00:00', '14:00:00', NULL, NULL, 'Auto-generated', 0, '2026-01-27 15:07:43', '2026-01-27 15:07:43'),
(1659, 2, 100020, 2, '2026-02-10', NULL, 44, '14:00:00', '15:00:00', NULL, NULL, 'Auto-generated', 0, '2026-01-27 15:07:43', '2026-01-27 15:07:43'),
(1660, 2, 100020, 8, '2026-02-10', NULL, 46, '15:15:00', '16:15:00', NULL, NULL, 'Auto-generated', 0, '2026-01-27 15:07:43', '2026-01-27 15:07:43'),
(1661, 2, 100017, 6, '2026-02-11', NULL, 37, '07:30:00', '08:30:00', NULL, NULL, 'Auto-generated', 0, '2026-01-27 15:07:43', '2026-01-27 15:07:43'),
(1662, 2, 100017, 7, '2026-02-11', NULL, 38, '08:30:00', '09:30:00', NULL, NULL, 'Auto-generated', 0, '2026-01-27 15:07:43', '2026-01-27 15:07:43'),
(1663, 2, 100020, 4, '2026-02-11', NULL, 40, '09:45:00', '10:45:00', NULL, NULL, 'Auto-generated', 0, '2026-01-27 15:07:43', '2026-01-27 15:07:43'),
(1664, 2, 100010, 3, '2026-02-11', NULL, 41, '10:45:00', '11:45:00', NULL, NULL, 'Auto-generated', 0, '2026-01-27 15:07:43', '2026-01-27 15:07:43'),
(1665, 2, 100010, 5, '2026-02-11', NULL, 43, '13:00:00', '14:00:00', NULL, NULL, 'Auto-generated', 0, '2026-01-27 15:07:43', '2026-01-27 15:07:43'),
(1666, 2, 100020, 2, '2026-02-11', NULL, 44, '14:00:00', '15:00:00', NULL, NULL, 'Auto-generated', 0, '2026-01-27 15:07:43', '2026-01-27 15:07:43'),
(1667, 2, 100020, 8, '2026-02-11', NULL, 46, '15:15:00', '16:15:00', NULL, NULL, 'Auto-generated', 0, '2026-01-27 15:07:43', '2026-01-27 15:07:43'),
(1668, 2, 100017, 6, '2026-02-12', NULL, 37, '07:30:00', '08:30:00', NULL, NULL, 'Auto-generated', 0, '2026-01-27 15:07:43', '2026-01-27 15:07:43'),
(1669, 2, 100017, 7, '2026-02-12', NULL, 38, '08:30:00', '09:30:00', NULL, NULL, 'Auto-generated', 0, '2026-01-27 15:07:43', '2026-01-27 15:07:43'),
(1670, 2, 100020, 4, '2026-02-12', NULL, 40, '09:45:00', '10:45:00', NULL, NULL, 'Auto-generated', 0, '2026-01-27 15:07:43', '2026-01-27 15:07:43'),
(1671, 2, 100010, 3, '2026-02-12', NULL, 41, '10:45:00', '11:45:00', NULL, NULL, 'Auto-generated', 0, '2026-01-27 15:07:43', '2026-01-27 15:07:43'),
(1672, 2, 100010, 5, '2026-02-12', NULL, 43, '13:00:00', '14:00:00', NULL, NULL, 'Auto-generated', 0, '2026-01-27 15:07:43', '2026-01-27 15:07:43'),
(1673, 2, 100020, 2, '2026-02-12', NULL, 44, '14:00:00', '15:00:00', NULL, NULL, 'Auto-generated', 0, '2026-01-27 15:07:43', '2026-01-27 15:07:43'),
(1674, 2, 100020, 8, '2026-02-12', NULL, 46, '15:15:00', '16:15:00', NULL, NULL, 'Auto-generated', 0, '2026-01-27 15:07:43', '2026-01-27 15:07:43'),
(1675, 2, 100017, 6, '2026-02-13', NULL, 37, '07:30:00', '08:30:00', NULL, NULL, 'Auto-generated', 0, '2026-01-27 15:07:43', '2026-01-27 15:07:43'),
(1676, 2, 100017, 7, '2026-02-13', NULL, 38, '08:30:00', '09:30:00', NULL, NULL, 'Auto-generated', 0, '2026-01-27 15:07:43', '2026-01-27 15:07:43'),
(1677, 2, 100020, 4, '2026-02-13', NULL, 40, '09:45:00', '10:45:00', NULL, NULL, 'Auto-generated', 0, '2026-01-27 15:07:43', '2026-01-27 15:07:43'),
(1678, 2, 100010, 3, '2026-02-13', NULL, 41, '10:45:00', '11:45:00', NULL, NULL, 'Auto-generated', 0, '2026-01-27 15:07:43', '2026-01-27 15:07:43'),
(1679, 2, 100010, 5, '2026-02-13', NULL, 43, '13:00:00', '14:00:00', NULL, NULL, 'Auto-generated', 0, '2026-01-27 15:07:43', '2026-01-27 15:07:43'),
(1680, 2, 100020, 2, '2026-02-13', NULL, 44, '14:00:00', '15:00:00', NULL, NULL, 'Auto-generated', 0, '2026-01-27 15:07:43', '2026-01-27 15:07:43'),
(1681, 2, 100020, 8, '2026-02-13', NULL, 46, '15:15:00', '16:15:00', NULL, NULL, 'Auto-generated', 0, '2026-01-27 15:07:43', '2026-01-27 15:07:43'),
(1682, 2, 100017, 6, '2026-02-16', NULL, 37, '07:30:00', '08:30:00', NULL, NULL, 'Auto-generated', 0, '2026-01-27 15:07:43', '2026-01-27 15:07:43'),
(1683, 2, 100017, 7, '2026-02-16', NULL, 38, '08:30:00', '09:30:00', NULL, NULL, 'Auto-generated', 0, '2026-01-27 15:07:43', '2026-01-27 15:07:43'),
(1684, 2, 100020, 4, '2026-02-16', NULL, 40, '09:45:00', '10:45:00', NULL, NULL, 'Auto-generated', 0, '2026-01-27 15:07:43', '2026-01-27 15:07:43'),
(1685, 2, 100010, 3, '2026-02-16', NULL, 41, '10:45:00', '11:45:00', NULL, NULL, 'Auto-generated', 0, '2026-01-27 15:07:43', '2026-01-27 15:07:43'),
(1686, 2, 100010, 5, '2026-02-16', NULL, 43, '13:00:00', '14:00:00', NULL, NULL, 'Auto-generated', 0, '2026-01-27 15:07:43', '2026-01-27 15:07:43'),
(1687, 2, 100020, 2, '2026-02-16', NULL, 44, '14:00:00', '15:00:00', NULL, NULL, 'Auto-generated', 0, '2026-01-27 15:07:43', '2026-01-27 15:07:43'),
(1688, 2, 100020, 8, '2026-02-16', NULL, 46, '15:15:00', '16:15:00', NULL, NULL, 'Auto-generated', 0, '2026-01-27 15:07:43', '2026-01-27 15:07:43'),
(1689, 2, 100017, 6, '2026-02-17', NULL, 37, '07:30:00', '08:30:00', NULL, NULL, 'Auto-generated', 0, '2026-01-27 15:07:43', '2026-01-27 15:07:43'),
(1690, 2, 100017, 7, '2026-02-17', NULL, 38, '08:30:00', '09:30:00', NULL, NULL, 'Auto-generated', 0, '2026-01-27 15:07:43', '2026-01-27 15:07:43'),
(1691, 2, 100020, 4, '2026-02-17', NULL, 40, '09:45:00', '10:45:00', NULL, NULL, 'Auto-generated', 0, '2026-01-27 15:07:43', '2026-01-27 15:07:43'),
(1692, 2, 100010, 3, '2026-02-17', NULL, 41, '10:45:00', '11:45:00', NULL, NULL, 'Auto-generated', 0, '2026-01-27 15:07:43', '2026-01-27 15:07:43'),
(1693, 2, 100010, 5, '2026-02-17', NULL, 43, '13:00:00', '14:00:00', NULL, NULL, 'Auto-generated', 0, '2026-01-27 15:07:43', '2026-01-27 15:07:43'),
(1694, 2, 100020, 2, '2026-02-17', NULL, 44, '14:00:00', '15:00:00', NULL, NULL, 'Auto-generated', 0, '2026-01-27 15:07:43', '2026-01-27 15:07:43'),
(1695, 2, 100020, 8, '2026-02-17', NULL, 46, '15:15:00', '16:15:00', NULL, NULL, 'Auto-generated', 0, '2026-01-27 15:07:43', '2026-01-27 15:07:43'),
(1696, 2, 100017, 6, '2026-02-18', NULL, 37, '07:30:00', '08:30:00', NULL, NULL, 'Auto-generated', 0, '2026-01-27 15:07:43', '2026-01-27 15:07:43'),
(1697, 2, 100017, 7, '2026-02-18', NULL, 38, '08:30:00', '09:30:00', NULL, NULL, 'Auto-generated', 0, '2026-01-27 15:07:43', '2026-01-27 15:07:43'),
(1698, 2, 100020, 4, '2026-02-18', NULL, 40, '09:45:00', '10:45:00', NULL, NULL, 'Auto-generated', 0, '2026-01-27 15:07:43', '2026-01-27 15:07:43'),
(1699, 2, 100010, 3, '2026-02-18', NULL, 41, '10:45:00', '11:45:00', NULL, NULL, 'Auto-generated', 0, '2026-01-27 15:07:43', '2026-01-27 15:07:43'),
(1700, 2, 100010, 5, '2026-02-18', NULL, 43, '13:00:00', '14:00:00', NULL, NULL, 'Auto-generated', 0, '2026-01-27 15:07:43', '2026-01-27 15:07:43'),
(1701, 2, 100020, 2, '2026-02-18', NULL, 44, '14:00:00', '15:00:00', NULL, NULL, 'Auto-generated', 0, '2026-01-27 15:07:43', '2026-01-27 15:07:43'),
(1702, 2, 100020, 8, '2026-02-18', NULL, 46, '15:15:00', '16:15:00', NULL, NULL, 'Auto-generated', 0, '2026-01-27 15:07:43', '2026-01-27 15:07:43'),
(1703, 2, 100017, 6, '2026-02-19', NULL, 37, '07:30:00', '08:30:00', NULL, NULL, 'Auto-generated', 0, '2026-01-27 15:07:43', '2026-01-27 15:07:43'),
(1704, 2, 100017, 7, '2026-02-19', NULL, 38, '08:30:00', '09:30:00', NULL, NULL, 'Auto-generated', 0, '2026-01-27 15:07:43', '2026-01-27 15:07:43'),
(1705, 2, 100020, 4, '2026-02-19', NULL, 40, '09:45:00', '10:45:00', NULL, NULL, 'Auto-generated', 0, '2026-01-27 15:07:43', '2026-01-27 15:07:43'),
(1706, 2, 100010, 3, '2026-02-19', NULL, 41, '10:45:00', '11:45:00', NULL, NULL, 'Auto-generated', 0, '2026-01-27 15:07:43', '2026-01-27 15:07:43'),
(1707, 2, 100010, 5, '2026-02-19', NULL, 43, '13:00:00', '14:00:00', NULL, NULL, 'Auto-generated', 0, '2026-01-27 15:07:43', '2026-01-27 15:07:43'),
(1708, 2, 100020, 2, '2026-02-19', NULL, 44, '14:00:00', '15:00:00', NULL, NULL, 'Auto-generated', 0, '2026-01-27 15:07:43', '2026-01-27 15:07:43'),
(1709, 2, 100020, 8, '2026-02-19', NULL, 46, '15:15:00', '16:15:00', NULL, NULL, 'Auto-generated', 0, '2026-01-27 15:07:43', '2026-01-27 15:07:43'),
(1710, 2, 100017, 6, '2026-02-20', NULL, 37, '07:30:00', '08:30:00', NULL, NULL, 'Auto-generated', 0, '2026-01-27 15:07:43', '2026-01-27 15:07:43'),
(1711, 2, 100017, 7, '2026-02-20', NULL, 38, '08:30:00', '09:30:00', NULL, NULL, 'Auto-generated', 0, '2026-01-27 15:07:43', '2026-01-27 15:07:43'),
(1712, 2, 100020, 4, '2026-02-20', NULL, 40, '09:45:00', '10:45:00', NULL, NULL, 'Auto-generated', 0, '2026-01-27 15:07:43', '2026-01-27 15:07:43'),
(1713, 2, 100010, 3, '2026-02-20', NULL, 41, '10:45:00', '11:45:00', NULL, NULL, 'Auto-generated', 0, '2026-01-27 15:07:43', '2026-01-27 15:07:43'),
(1714, 2, 100010, 5, '2026-02-20', NULL, 43, '13:00:00', '14:00:00', NULL, NULL, 'Auto-generated', 0, '2026-01-27 15:07:43', '2026-01-27 15:07:43'),
(1715, 2, 100020, 2, '2026-02-20', NULL, 44, '14:00:00', '15:00:00', NULL, NULL, 'Auto-generated', 0, '2026-01-27 15:07:43', '2026-01-27 15:07:43'),
(1716, 2, 100020, 8, '2026-02-20', NULL, 46, '15:15:00', '16:15:00', NULL, NULL, 'Auto-generated', 0, '2026-01-27 15:07:43', '2026-01-27 15:07:43'),
(1717, 2, 100017, 6, '2026-02-23', NULL, 37, '07:30:00', '08:30:00', NULL, NULL, 'Auto-generated', 0, '2026-01-27 15:07:43', '2026-01-27 15:07:43'),
(1718, 2, 100017, 7, '2026-02-23', NULL, 38, '08:30:00', '09:30:00', NULL, NULL, 'Auto-generated', 0, '2026-01-27 15:07:43', '2026-01-27 15:07:43'),
(1719, 2, 100020, 4, '2026-02-23', NULL, 40, '09:45:00', '10:45:00', NULL, NULL, 'Auto-generated', 0, '2026-01-27 15:07:43', '2026-01-27 15:07:43'),
(1720, 2, 100010, 3, '2026-02-23', NULL, 41, '10:45:00', '11:45:00', NULL, NULL, 'Auto-generated', 0, '2026-01-27 15:07:43', '2026-01-27 15:07:43'),
(1721, 2, 100010, 5, '2026-02-23', NULL, 43, '13:00:00', '14:00:00', NULL, NULL, 'Auto-generated', 0, '2026-01-27 15:07:43', '2026-01-27 15:07:43'),
(1722, 2, 100020, 2, '2026-02-23', NULL, 44, '14:00:00', '15:00:00', NULL, NULL, 'Auto-generated', 0, '2026-01-27 15:07:43', '2026-01-27 15:07:43'),
(1723, 2, 100020, 8, '2026-02-23', NULL, 46, '15:15:00', '16:15:00', NULL, NULL, 'Auto-generated', 0, '2026-01-27 15:07:43', '2026-01-27 15:07:43'),
(1724, 2, 100017, 6, '2026-02-24', NULL, 37, '07:30:00', '08:30:00', NULL, NULL, 'Auto-generated', 0, '2026-01-27 15:07:43', '2026-01-27 15:07:43'),
(1725, 2, 100017, 7, '2026-02-24', NULL, 38, '08:30:00', '09:30:00', NULL, NULL, 'Auto-generated', 0, '2026-01-27 15:07:43', '2026-01-27 15:07:43'),
(1726, 2, 100020, 4, '2026-02-24', NULL, 40, '09:45:00', '10:45:00', NULL, NULL, 'Auto-generated', 0, '2026-01-27 15:07:43', '2026-01-27 15:07:43'),
(1727, 2, 100010, 3, '2026-02-24', NULL, 41, '10:45:00', '11:45:00', NULL, NULL, 'Auto-generated', 0, '2026-01-27 15:07:43', '2026-01-27 15:07:43'),
(1728, 2, 100010, 5, '2026-02-24', NULL, 43, '13:00:00', '14:00:00', NULL, NULL, 'Auto-generated', 0, '2026-01-27 15:07:43', '2026-01-27 15:07:43'),
(1729, 2, 100020, 2, '2026-02-24', NULL, 44, '14:00:00', '15:00:00', NULL, NULL, 'Auto-generated', 0, '2026-01-27 15:07:43', '2026-01-27 15:07:43'),
(1730, 2, 100020, 8, '2026-02-24', NULL, 46, '15:15:00', '16:15:00', NULL, NULL, 'Auto-generated', 0, '2026-01-27 15:07:43', '2026-01-27 15:07:43'),
(1731, 2, 100017, 6, '2026-02-25', NULL, 37, '07:30:00', '08:30:00', NULL, NULL, 'Auto-generated', 0, '2026-01-27 15:07:43', '2026-01-27 15:07:43'),
(1732, 2, 100017, 7, '2026-02-25', NULL, 38, '08:30:00', '09:30:00', NULL, NULL, 'Auto-generated', 0, '2026-01-27 15:07:43', '2026-01-27 15:07:43'),
(1733, 2, 100020, 4, '2026-02-25', NULL, 40, '09:45:00', '10:45:00', NULL, NULL, 'Auto-generated', 0, '2026-01-27 15:07:43', '2026-01-27 15:07:43'),
(1734, 2, 100010, 3, '2026-02-25', NULL, 41, '10:45:00', '11:45:00', NULL, NULL, 'Auto-generated', 0, '2026-01-27 15:07:43', '2026-01-27 15:07:43'),
(1735, 2, 100010, 5, '2026-02-25', NULL, 43, '13:00:00', '14:00:00', NULL, NULL, 'Auto-generated', 0, '2026-01-27 15:07:43', '2026-01-27 15:07:43'),
(1736, 2, 100020, 2, '2026-02-25', NULL, 44, '14:00:00', '15:00:00', NULL, NULL, 'Auto-generated', 0, '2026-01-27 15:07:43', '2026-01-27 15:07:43'),
(1737, 2, 100020, 8, '2026-02-25', NULL, 46, '15:15:00', '16:15:00', NULL, NULL, 'Auto-generated', 0, '2026-01-27 15:07:43', '2026-01-27 15:07:43'),
(1738, 2, 100017, 6, '2026-02-26', NULL, 37, '07:30:00', '08:30:00', NULL, NULL, 'Auto-generated', 0, '2026-01-27 15:07:43', '2026-01-27 15:07:43'),
(1739, 2, 100017, 7, '2026-02-26', NULL, 38, '08:30:00', '09:30:00', NULL, NULL, 'Auto-generated', 0, '2026-01-27 15:07:43', '2026-01-27 15:07:43'),
(1740, 2, 100020, 4, '2026-02-26', NULL, 40, '09:45:00', '10:45:00', NULL, NULL, 'Auto-generated', 0, '2026-01-27 15:07:43', '2026-01-27 15:07:43'),
(1741, 2, 100010, 3, '2026-02-26', NULL, 41, '10:45:00', '11:45:00', NULL, NULL, 'Auto-generated', 0, '2026-01-27 15:07:43', '2026-01-27 15:07:43'),
(1742, 2, 100010, 5, '2026-02-26', NULL, 43, '13:00:00', '14:00:00', NULL, NULL, 'Auto-generated', 0, '2026-01-27 15:07:43', '2026-01-27 15:07:43'),
(1743, 2, 100020, 2, '2026-02-26', NULL, 44, '14:00:00', '15:00:00', NULL, NULL, 'Auto-generated', 0, '2026-01-27 15:07:43', '2026-01-27 15:07:43'),
(1744, 2, 100020, 8, '2026-02-26', NULL, 46, '15:15:00', '16:15:00', NULL, NULL, 'Auto-generated', 0, '2026-01-27 15:07:43', '2026-01-27 15:07:43'),
(1745, 2, 100017, 6, '2026-02-27', NULL, 37, '07:30:00', '08:30:00', NULL, NULL, 'Auto-generated', 0, '2026-01-27 15:07:43', '2026-01-27 15:07:43'),
(1746, 2, 100017, 7, '2026-02-27', NULL, 38, '08:30:00', '09:30:00', NULL, NULL, 'Auto-generated', 0, '2026-01-27 15:07:43', '2026-01-27 15:07:43'),
(1747, 2, 100020, 4, '2026-02-27', NULL, 40, '09:45:00', '10:45:00', NULL, NULL, 'Auto-generated', 0, '2026-01-27 15:07:43', '2026-01-27 15:07:43'),
(1748, 2, 100010, 3, '2026-02-27', NULL, 41, '10:45:00', '11:45:00', NULL, NULL, 'Auto-generated', 0, '2026-01-27 15:07:43', '2026-01-27 15:07:43'),
(1749, 2, 100010, 5, '2026-02-27', NULL, 43, '13:00:00', '14:00:00', NULL, NULL, 'Auto-generated', 0, '2026-01-27 15:07:43', '2026-01-27 15:07:43'),
(1750, 2, 100020, 2, '2026-02-27', NULL, 44, '14:00:00', '15:00:00', NULL, NULL, 'Auto-generated', 0, '2026-01-27 15:07:43', '2026-01-27 15:07:43'),
(1751, 2, 100020, 8, '2026-02-27', NULL, 46, '15:15:00', '16:15:00', NULL, NULL, 'Auto-generated', 0, '2026-01-27 15:07:43', '2026-01-27 15:07:43'),
(1997, 3, 100017, 6, '2026-01-26', NULL, 14, '07:30:00', '08:30:00', NULL, NULL, 'Auto-generated', 0, '2026-01-28 01:08:33', '2026-01-28 01:08:33'),
(1998, 3, 100017, 7, '2026-01-26', NULL, 15, '08:30:00', '09:30:00', NULL, NULL, 'Auto-generated', 0, '2026-01-28 01:08:33', '2026-01-28 01:08:33'),
(1999, 3, 100020, 4, '2026-01-26', NULL, 17, '09:45:00', '10:45:00', NULL, NULL, 'Auto-generated', 0, '2026-01-28 01:08:33', '2026-01-28 01:08:33'),
(2000, 3, 100010, 3, '2026-01-26', NULL, 18, '10:45:00', '11:45:00', NULL, NULL, 'Auto-generated', 0, '2026-01-28 01:08:33', '2026-01-28 01:08:33'),
(2001, 3, 100016, 2, '2026-01-26', NULL, 21, '14:00:00', '15:00:00', NULL, NULL, 'Auto-generated', 0, '2026-01-28 01:08:33', '2026-01-28 01:08:33'),
(2002, 3, 100020, 9, '2026-01-26', NULL, 23, '15:15:00', '16:15:00', NULL, NULL, 'Auto-generated', 0, '2026-01-28 01:08:33', '2026-01-28 01:08:33'),
(2003, 3, 100010, 5, '2026-01-26', NULL, 20, '13:00:00', '14:00:00', NULL, NULL, 'Auto-generated', 0, '2026-01-28 01:08:33', '2026-01-28 01:08:33'),
(2004, 3, 100017, 6, '2026-01-27', NULL, 14, '07:30:00', '08:30:00', NULL, NULL, 'Auto-generated', 0, '2026-01-28 01:08:33', '2026-01-28 01:08:33'),
(2005, 3, 100017, 7, '2026-01-27', NULL, 15, '08:30:00', '09:30:00', NULL, NULL, 'Auto-generated', 0, '2026-01-28 01:08:33', '2026-01-28 01:08:33'),
(2006, 3, 100020, 4, '2026-01-27', NULL, 17, '09:45:00', '10:45:00', NULL, NULL, 'Auto-generated', 0, '2026-01-28 01:08:33', '2026-01-28 01:08:33'),
(2007, 3, 100010, 3, '2026-01-27', NULL, 18, '10:45:00', '11:45:00', NULL, NULL, 'Auto-generated', 0, '2026-01-28 01:08:33', '2026-01-28 01:08:33'),
(2008, 3, 100016, 2, '2026-01-27', NULL, 21, '14:00:00', '15:00:00', NULL, NULL, 'Auto-generated', 0, '2026-01-28 01:08:33', '2026-01-28 01:08:33'),
(2009, 3, 100020, 9, '2026-01-27', NULL, 23, '15:15:00', '16:15:00', NULL, NULL, 'Auto-generated', 0, '2026-01-28 01:08:33', '2026-01-28 01:08:33'),
(2010, 3, 100010, 5, '2026-01-27', NULL, 20, '13:00:00', '14:00:00', NULL, NULL, 'Auto-generated', 0, '2026-01-28 01:08:33', '2026-01-28 01:08:33'),
(2011, 3, 100017, 6, '2026-01-28', NULL, 14, '07:30:00', '08:30:00', NULL, NULL, 'Auto-generated', 0, '2026-01-28 01:08:33', '2026-01-28 01:08:33'),
(2012, 3, 100017, 7, '2026-01-28', NULL, 15, '08:30:00', '09:30:00', NULL, NULL, 'Auto-generated', 0, '2026-01-28 01:08:33', '2026-01-28 01:08:33'),
(2013, 3, 100020, 4, '2026-01-28', NULL, 17, '09:45:00', '10:45:00', NULL, NULL, 'Auto-generated', 0, '2026-01-28 01:08:33', '2026-01-28 01:08:33'),
(2014, 3, 100010, 3, '2026-01-28', NULL, 18, '10:45:00', '11:45:00', NULL, NULL, 'Auto-generated', 0, '2026-01-28 01:08:33', '2026-01-28 01:08:33'),
(2015, 3, 100016, 2, '2026-01-28', NULL, 21, '14:00:00', '15:00:00', NULL, NULL, 'Auto-generated', 0, '2026-01-28 01:08:33', '2026-01-28 01:08:33'),
(2016, 3, 100020, 9, '2026-01-28', NULL, 23, '15:15:00', '16:15:00', NULL, NULL, 'Auto-generated', 0, '2026-01-28 01:08:33', '2026-01-28 01:08:33'),
(2017, 3, 100010, 5, '2026-01-28', NULL, 20, '13:00:00', '14:00:00', NULL, NULL, 'Auto-generated', 0, '2026-01-28 01:08:33', '2026-01-28 01:08:33'),
(2018, 3, 100017, 6, '2026-01-29', NULL, 14, '07:30:00', '08:30:00', NULL, NULL, 'Auto-generated', 0, '2026-01-28 01:08:33', '2026-01-28 01:08:33'),
(2019, 3, 100017, 7, '2026-01-29', NULL, 15, '08:30:00', '09:30:00', NULL, NULL, 'Auto-generated', 0, '2026-01-28 01:08:33', '2026-01-28 01:08:33'),
(2020, 3, 100020, 4, '2026-01-29', NULL, 17, '09:45:00', '10:45:00', NULL, NULL, 'Auto-generated', 0, '2026-01-28 01:08:33', '2026-01-28 01:08:33'),
(2021, 3, 100010, 3, '2026-01-29', NULL, 18, '10:45:00', '11:45:00', NULL, NULL, 'Auto-generated', 0, '2026-01-28 01:08:33', '2026-01-28 01:08:33'),
(2022, 3, 100016, 2, '2026-01-29', NULL, 21, '14:00:00', '15:00:00', NULL, NULL, 'Auto-generated', 0, '2026-01-28 01:08:33', '2026-01-28 01:08:33'),
(2023, 3, 100020, 9, '2026-01-29', NULL, 23, '15:15:00', '16:15:00', NULL, NULL, 'Auto-generated', 0, '2026-01-28 01:08:33', '2026-01-28 01:08:33'),
(2024, 3, 100010, 5, '2026-01-29', NULL, 20, '13:00:00', '14:00:00', NULL, NULL, 'Auto-generated', 0, '2026-01-28 01:08:33', '2026-01-28 01:08:33'),
(2025, 3, 100017, 6, '2026-01-30', NULL, 14, '07:30:00', '08:30:00', NULL, NULL, 'Auto-generated', 0, '2026-01-28 01:08:33', '2026-01-28 01:08:33'),
(2026, 3, 100017, 7, '2026-01-30', NULL, 15, '08:30:00', '09:30:00', NULL, NULL, 'Auto-generated', 0, '2026-01-28 01:08:33', '2026-01-28 01:08:33'),
(2027, 3, 100020, 4, '2026-01-30', NULL, 17, '09:45:00', '10:45:00', NULL, NULL, 'Auto-generated', 0, '2026-01-28 01:08:33', '2026-01-28 01:08:33'),
(2028, 3, 100010, 3, '2026-01-30', NULL, 18, '10:45:00', '11:45:00', NULL, NULL, 'Auto-generated', 0, '2026-01-28 01:08:33', '2026-01-28 01:08:33'),
(2029, 3, 100016, 2, '2026-01-30', NULL, 21, '14:00:00', '15:00:00', NULL, NULL, 'Auto-generated', 0, '2026-01-28 01:08:33', '2026-01-28 01:08:33'),
(2030, 3, 100020, 9, '2026-01-30', NULL, 23, '15:15:00', '16:15:00', NULL, NULL, 'Auto-generated', 0, '2026-01-28 01:08:33', '2026-01-28 01:08:33'),
(2031, 3, 100010, 5, '2026-01-30', NULL, 20, '13:00:00', '14:00:00', NULL, NULL, 'Auto-generated', 0, '2026-01-28 01:08:33', '2026-01-28 01:08:33'),
(2032, 2, 100017, 6, '2026-01-26', NULL, 37, '07:30:00', '08:30:00', NULL, NULL, 'Auto-generated', 0, '2026-01-28 01:08:41', '2026-01-28 01:08:41'),
(2033, 2, 100017, 7, '2026-01-26', NULL, 38, '08:30:00', '09:30:00', NULL, NULL, 'Auto-generated', 0, '2026-01-28 01:08:41', '2026-01-28 01:08:41'),
(2034, 2, 100020, 4, '2026-01-26', NULL, 40, '09:45:00', '10:45:00', NULL, NULL, 'Auto-generated', 0, '2026-01-28 01:08:41', '2026-01-28 01:08:41'),
(2035, 2, 100010, 3, '2026-01-26', NULL, 41, '10:45:00', '11:45:00', NULL, NULL, 'Auto-generated', 0, '2026-01-28 01:08:41', '2026-01-28 01:08:41'),
(2036, 2, 100010, 5, '2026-01-26', NULL, 43, '13:00:00', '14:00:00', NULL, NULL, 'Auto-generated', 0, '2026-01-28 01:08:41', '2026-01-28 01:08:41'),
(2037, 2, 100020, 2, '2026-01-26', NULL, 44, '14:00:00', '15:00:00', NULL, NULL, 'Auto-generated', 0, '2026-01-28 01:08:41', '2026-01-28 01:08:41'),
(2038, 2, 100020, 8, '2026-01-26', NULL, 46, '15:15:00', '16:15:00', NULL, NULL, 'Auto-generated', 0, '2026-01-28 01:08:41', '2026-01-28 01:08:41'),
(2039, 2, 100017, 6, '2026-01-27', NULL, 37, '07:30:00', '08:30:00', NULL, NULL, 'Auto-generated', 0, '2026-01-28 01:08:41', '2026-01-28 01:08:41'),
(2040, 2, 100017, 7, '2026-01-27', NULL, 38, '08:30:00', '09:30:00', NULL, NULL, 'Auto-generated', 0, '2026-01-28 01:08:41', '2026-01-28 01:08:41'),
(2041, 2, 100020, 4, '2026-01-27', NULL, 40, '09:45:00', '10:45:00', NULL, NULL, 'Auto-generated', 0, '2026-01-28 01:08:41', '2026-01-28 01:08:41'),
(2042, 2, 100010, 3, '2026-01-27', NULL, 41, '10:45:00', '11:45:00', NULL, NULL, 'Auto-generated', 0, '2026-01-28 01:08:41', '2026-01-28 01:08:41'),
(2043, 2, 100010, 5, '2026-01-27', NULL, 43, '13:00:00', '14:00:00', NULL, NULL, 'Auto-generated', 0, '2026-01-28 01:08:41', '2026-01-28 01:08:41'),
(2044, 2, 100020, 2, '2026-01-27', NULL, 44, '14:00:00', '15:00:00', NULL, NULL, 'Auto-generated', 0, '2026-01-28 01:08:41', '2026-01-28 01:08:41'),
(2045, 2, 100020, 8, '2026-01-27', NULL, 46, '15:15:00', '16:15:00', NULL, NULL, 'Auto-generated', 0, '2026-01-28 01:08:41', '2026-01-28 01:08:41'),
(2046, 2, 100017, 6, '2026-01-28', NULL, 37, '07:30:00', '08:30:00', NULL, NULL, 'Auto-generated', 0, '2026-01-28 01:08:41', '2026-01-28 01:08:41'),
(2047, 2, 100017, 7, '2026-01-28', NULL, 38, '08:30:00', '09:30:00', NULL, NULL, 'Auto-generated', 0, '2026-01-28 01:08:41', '2026-01-28 01:08:41'),
(2048, 2, 100020, 4, '2026-01-28', NULL, 40, '09:45:00', '10:45:00', NULL, NULL, 'Auto-generated', 0, '2026-01-28 01:08:41', '2026-01-28 01:08:41'),
(2049, 2, 100010, 3, '2026-01-28', NULL, 41, '10:45:00', '11:45:00', NULL, NULL, 'Auto-generated', 0, '2026-01-28 01:08:41', '2026-01-28 01:08:41'),
(2050, 2, 100010, 5, '2026-01-28', NULL, 43, '13:00:00', '14:00:00', NULL, NULL, 'Auto-generated', 0, '2026-01-28 01:08:41', '2026-01-28 01:08:41'),
(2051, 2, 100020, 2, '2026-01-28', NULL, 44, '14:00:00', '15:00:00', NULL, NULL, 'Auto-generated', 0, '2026-01-28 01:08:41', '2026-01-28 01:08:41'),
(2052, 2, 100020, 8, '2026-01-28', NULL, 46, '15:15:00', '16:15:00', NULL, NULL, 'Auto-generated', 0, '2026-01-28 01:08:41', '2026-01-28 01:08:41'),
(2053, 2, 100017, 6, '2026-01-29', NULL, 37, '07:30:00', '08:30:00', NULL, NULL, 'Auto-generated', 0, '2026-01-28 01:08:41', '2026-01-28 01:08:41'),
(2054, 2, 100017, 7, '2026-01-29', NULL, 38, '08:30:00', '09:30:00', NULL, NULL, 'Auto-generated', 0, '2026-01-28 01:08:41', '2026-01-28 01:08:41');
INSERT INTO `schedules_backup` (`schedule_id`, `section_id`, `faculty_id`, `subject_id`, `schedule_date`, `day_of_week`, `time_slot_id`, `start_time`, `end_time`, `room`, `room_id`, `notes`, `is_auto_generated`, `created_at`, `updated_at`) VALUES
(2055, 2, 100020, 4, '2026-01-29', NULL, 40, '09:45:00', '10:45:00', NULL, NULL, 'Auto-generated', 0, '2026-01-28 01:08:41', '2026-01-28 01:08:41'),
(2056, 2, 100010, 3, '2026-01-29', NULL, 41, '10:45:00', '11:45:00', NULL, NULL, 'Auto-generated', 0, '2026-01-28 01:08:41', '2026-01-28 01:08:41'),
(2057, 2, 100010, 5, '2026-01-29', NULL, 43, '13:00:00', '14:00:00', NULL, NULL, 'Auto-generated', 0, '2026-01-28 01:08:41', '2026-01-28 01:08:41'),
(2058, 2, 100020, 2, '2026-01-29', NULL, 44, '14:00:00', '15:00:00', NULL, NULL, 'Auto-generated', 0, '2026-01-28 01:08:41', '2026-01-28 01:08:41'),
(2059, 2, 100020, 8, '2026-01-29', NULL, 46, '15:15:00', '16:15:00', NULL, NULL, 'Auto-generated', 0, '2026-01-28 01:08:41', '2026-01-28 01:08:41'),
(2060, 2, 100017, 6, '2026-01-30', NULL, 37, '07:30:00', '08:30:00', NULL, NULL, 'Auto-generated', 0, '2026-01-28 01:08:41', '2026-01-28 01:08:41'),
(2061, 2, 100017, 7, '2026-01-30', NULL, 38, '08:30:00', '09:30:00', NULL, NULL, 'Auto-generated', 0, '2026-01-28 01:08:41', '2026-01-28 01:08:41'),
(2062, 2, 100020, 4, '2026-01-30', NULL, 40, '09:45:00', '10:45:00', NULL, NULL, 'Auto-generated', 0, '2026-01-28 01:08:41', '2026-01-28 01:08:41'),
(2063, 2, 100010, 3, '2026-01-30', NULL, 41, '10:45:00', '11:45:00', NULL, NULL, 'Auto-generated', 0, '2026-01-28 01:08:41', '2026-01-28 01:08:41'),
(2064, 2, 100010, 5, '2026-01-30', NULL, 43, '13:00:00', '14:00:00', NULL, NULL, 'Auto-generated', 0, '2026-01-28 01:08:41', '2026-01-28 01:08:41'),
(2065, 2, 100020, 2, '2026-01-30', NULL, 44, '14:00:00', '15:00:00', NULL, NULL, 'Auto-generated', 0, '2026-01-28 01:08:41', '2026-01-28 01:08:41'),
(2066, 2, 100020, 8, '2026-01-30', NULL, 46, '15:15:00', '16:15:00', NULL, NULL, 'Auto-generated', 0, '2026-01-28 01:08:41', '2026-01-28 01:08:41');

-- --------------------------------------------------------

--
-- Table structure for table `schedule_generation_logs`
--

CREATE TABLE `schedule_generation_logs` (
  `log_id` int(11) NOT NULL,
  `section_id` int(11) NOT NULL,
  `generated_by` int(11) DEFAULT NULL,
  `generation_status` enum('Success','Failed','Partial') NOT NULL,
  `schedules_created` int(11) DEFAULT 0,
  `conflicts_found` int(11) DEFAULT 0,
  `error_message` text DEFAULT NULL,
  `generation_time` timestamp NOT NULL DEFAULT current_timestamp()
) ENGINE=InnoDB DEFAULT CHARSET=utf8mb4 COLLATE=utf8mb4_general_ci;

--
-- Dumping data for table `schedule_generation_logs`
--

INSERT INTO `schedule_generation_logs` (`log_id`, `section_id`, `generated_by`, `generation_status`, `schedules_created`, `conflicts_found`, `error_message`, `generation_time`) VALUES
(1, 3, NULL, 'Success', 8, 28, NULL, '2025-12-08 04:14:59'),
(2, 3, NULL, 'Success', 8, 37, NULL, '2025-12-08 04:20:43'),
(3, 3, NULL, 'Success', 7, 21, NULL, '2025-12-08 04:26:32'),
(4, 3, NULL, 'Success', 7, 25, NULL, '2025-12-08 04:29:14'),
(5, 3, NULL, 'Success', 7, 21, NULL, '2025-12-08 04:34:23'),
(6, 3, NULL, 'Success', 7, 21, NULL, '2025-12-08 04:45:06'),
(7, 3, NULL, 'Success', 7, 21, NULL, '2025-12-08 04:48:45'),
(8, 3, NULL, 'Success', 7, 21, NULL, '2025-12-08 04:52:07'),
(9, 3, NULL, 'Success', 7, 21, NULL, '2025-12-08 04:57:38'),
(10, 3, NULL, 'Success', 7, 21, NULL, '2025-12-08 04:59:58'),
(11, 3, NULL, 'Success', 7, 21, NULL, '2025-12-08 05:00:50'),
(12, 3, NULL, 'Success', 7, 21, NULL, '2025-12-08 05:05:26'),
(13, 3, NULL, 'Success', 4, 6, NULL, '2025-12-08 05:06:32'),
(14, 3, NULL, 'Success', 4, 22, NULL, '2025-12-08 05:07:36'),
(15, 3, NULL, 'Success', 4, 38, NULL, '2025-12-08 11:05:20');

-- --------------------------------------------------------

--
-- Table structure for table `schedule_patterns`
--

CREATE TABLE `schedule_patterns` (
  `pattern_id` int(11) NOT NULL,
  `requirement_id` int(11) NOT NULL,
  `day_of_week` enum('Monday','Tuesday','Wednesday','Thursday','Friday') NOT NULL,
  `time_slot_id` int(11) NOT NULL,
  `created_at` timestamp NOT NULL DEFAULT current_timestamp()
) ENGINE=InnoDB DEFAULT CHARSET=utf8mb4 COLLATE=utf8mb4_general_ci;

--
-- Dumping data for table `schedule_patterns`
--

INSERT INTO `schedule_patterns` (`pattern_id`, `requirement_id`, `day_of_week`, `time_slot_id`, `created_at`) VALUES
(39, 17, 'Monday', 15, '2026-01-27 13:59:37'),
(40, 17, 'Tuesday', 15, '2026-01-27 13:59:37'),
(41, 17, 'Wednesday', 15, '2026-01-27 13:59:37'),
(42, 17, 'Thursday', 15, '2026-01-27 13:59:37'),
(43, 17, 'Friday', 15, '2026-01-27 13:59:37'),
(44, 18, 'Monday', 17, '2026-01-27 13:59:50'),
(45, 18, 'Tuesday', 17, '2026-01-27 13:59:50'),
(46, 18, 'Wednesday', 17, '2026-01-27 13:59:50'),
(47, 18, 'Thursday', 17, '2026-01-27 13:59:50'),
(48, 18, 'Friday', 17, '2026-01-27 13:59:50'),
(49, 19, 'Monday', 18, '2026-01-27 14:00:31'),
(50, 19, 'Tuesday', 18, '2026-01-27 14:00:31'),
(51, 19, 'Wednesday', 18, '2026-01-27 14:00:31'),
(52, 19, 'Thursday', 18, '2026-01-27 14:00:31'),
(53, 19, 'Friday', 18, '2026-01-27 14:00:31'),
(54, 22, 'Monday', 20, '2026-01-27 14:00:45'),
(55, 22, 'Tuesday', 20, '2026-01-27 14:00:45'),
(56, 22, 'Wednesday', 20, '2026-01-27 14:00:45'),
(57, 22, 'Thursday', 20, '2026-01-27 14:00:45'),
(58, 22, 'Friday', 20, '2026-01-27 14:00:45'),
(59, 20, 'Thursday', 21, '2026-01-27 14:00:55'),
(60, 20, 'Wednesday', 21, '2026-01-27 14:00:55'),
(61, 20, 'Tuesday', 21, '2026-01-27 14:00:55'),
(62, 20, 'Monday', 21, '2026-01-27 14:00:55'),
(63, 20, 'Friday', 21, '2026-01-27 14:00:55'),
(64, 21, 'Friday', 23, '2026-01-27 14:01:02'),
(65, 21, 'Thursday', 23, '2026-01-27 14:01:02'),
(66, 21, 'Wednesday', 23, '2026-01-27 14:01:02'),
(67, 21, 'Tuesday', 23, '2026-01-27 14:01:02'),
(68, 21, 'Monday', 23, '2026-01-27 14:01:02'),
(88, 25, 'Friday', 38, '2026-01-27 15:05:25'),
(89, 25, 'Thursday', 38, '2026-01-27 15:05:25'),
(90, 25, 'Wednesday', 38, '2026-01-27 15:05:25'),
(91, 25, 'Tuesday', 38, '2026-01-27 15:05:25'),
(92, 25, 'Monday', 38, '2026-01-27 15:05:25'),
(98, 26, 'Monday', 40, '2026-01-27 15:07:02'),
(99, 26, 'Tuesday', 40, '2026-01-27 15:07:02'),
(100, 26, 'Wednesday', 40, '2026-01-27 15:07:02'),
(101, 26, 'Thursday', 40, '2026-01-27 15:07:02'),
(102, 26, 'Friday', 40, '2026-01-27 15:07:02'),
(103, 27, 'Monday', 41, '2026-01-27 15:07:07'),
(104, 27, 'Tuesday', 41, '2026-01-27 15:07:07'),
(105, 27, 'Wednesday', 41, '2026-01-27 15:07:07'),
(106, 27, 'Thursday', 41, '2026-01-27 15:07:07'),
(107, 27, 'Friday', 41, '2026-01-27 15:07:07'),
(108, 28, 'Monday', 43, '2026-01-27 15:07:15'),
(109, 28, 'Tuesday', 43, '2026-01-27 15:07:15'),
(110, 28, 'Wednesday', 43, '2026-01-27 15:07:15'),
(111, 28, 'Thursday', 43, '2026-01-27 15:07:15'),
(112, 28, 'Friday', 43, '2026-01-27 15:07:15'),
(113, 32, 'Monday', 44, '2026-01-27 15:07:20'),
(114, 32, 'Tuesday', 44, '2026-01-27 15:07:20'),
(115, 32, 'Wednesday', 44, '2026-01-27 15:07:20'),
(116, 32, 'Thursday', 44, '2026-01-27 15:07:20'),
(117, 32, 'Friday', 44, '2026-01-27 15:07:20'),
(118, 33, 'Monday', 46, '2026-01-27 15:07:36'),
(119, 33, 'Tuesday', 46, '2026-01-27 15:07:36'),
(120, 33, 'Wednesday', 46, '2026-01-27 15:07:36'),
(121, 33, 'Thursday', 46, '2026-01-27 15:07:36'),
(122, 33, 'Friday', 46, '2026-01-27 15:07:36'),
(123, 24, 'Monday', 37, '2026-01-27 15:12:15'),
(124, 24, 'Tuesday', 37, '2026-01-27 15:12:15'),
(125, 24, 'Wednesday', 37, '2026-01-27 15:12:15'),
(126, 24, 'Thursday', 37, '2026-01-27 15:12:15'),
(127, 24, 'Friday', 37, '2026-01-27 15:12:15'),
(132, 34, 'Monday', 47, '2026-02-19 06:57:17'),
(133, 34, 'Tuesday', 47, '2026-02-19 06:57:17'),
(134, 34, 'Wednesday', 47, '2026-02-19 06:57:17'),
(135, 34, 'Thursday', 47, '2026-02-19 06:57:17'),
(136, 34, 'Friday', 47, '2026-02-19 06:57:17'),
(137, 16, 'Monday', 14, '2026-02-19 07:04:46'),
(138, 16, 'Tuesday', 14, '2026-02-19 07:04:46'),
(139, 16, 'Wednesday', 14, '2026-02-19 07:04:46'),
(140, 16, 'Friday', 14, '2026-02-19 07:04:46'),
(141, 16, 'Thursday', 14, '2026-02-19 07:04:46');

-- --------------------------------------------------------

--
-- Table structure for table `schedule_templates`
--

CREATE TABLE `schedule_templates` (
  `template_id` int(11) NOT NULL,
  `template_name` varchar(100) NOT NULL,
  `description` text DEFAULT NULL,
  `grade_level` varchar(50) DEFAULT NULL,
  `track` varchar(50) DEFAULT NULL,
  `created_by` int(11) DEFAULT NULL,
  `is_active` tinyint(1) DEFAULT 1,
  `created_at` timestamp NOT NULL DEFAULT current_timestamp(),
  `updated_at` timestamp NOT NULL DEFAULT current_timestamp() ON UPDATE current_timestamp()
) ENGINE=InnoDB DEFAULT CHARSET=utf8mb4 COLLATE=utf8mb4_general_ci;

-- --------------------------------------------------------

--
-- Table structure for table `sections`
--

CREATE TABLE `sections` (
  `section_id` int(11) NOT NULL,
  `section_name` varchar(100) NOT NULL,
  `grade_level` varchar(50) NOT NULL,
  `track` varchar(50) DEFAULT NULL,
  `school_year` varchar(20) NOT NULL,
  `semester` enum('First Semester','Second Semester','Summer') NOT NULL,
  `adviser_id` int(11) DEFAULT NULL,
  `created_at` timestamp NOT NULL DEFAULT current_timestamp(),
  `updated_at` timestamp NOT NULL DEFAULT current_timestamp() ON UPDATE current_timestamp()
) ENGINE=InnoDB DEFAULT CHARSET=utf8mb4 COLLATE=utf8mb4_general_ci;

--
-- Dumping data for table `sections`
--

INSERT INTO `sections` (`section_id`, `section_name`, `grade_level`, `track`, `school_year`, `semester`, `adviser_id`, `created_at`, `updated_at`) VALUES
(1, 'STEM VENUS', 'Grade 12', 'STEM', 'SY 2025-2026', 'Second Semester', NULL, '2025-12-06 05:57:50', '2025-12-06 05:57:50'),
(2, 'STEM MARS', 'Grade 12', 'STEM', 'SY 2025-2026', 'Second Semester', NULL, '2025-12-06 05:57:50', '2025-12-06 05:57:50'),
(3, 'ABM SATURN', 'Grade 11', 'ABM', 'SY 2025-2026', 'Second Semester', NULL, '2025-12-06 05:57:50', '2025-12-06 05:57:50');

-- --------------------------------------------------------

--
-- Table structure for table `subjects`
--

CREATE TABLE `subjects` (
  `subject_id` int(11) NOT NULL,
  `subject_name` varchar(255) NOT NULL COMMENT 'subject name',
  `special` varchar(255) NOT NULL COMMENT 'teacher who specializes',
  `grade_level` tinyint(255) NOT NULL COMMENT 'grade level',
  `strand` varchar(255) NOT NULL COMMENT 'strand'
) ENGINE=InnoDB DEFAULT CHARSET=utf8mb4 COLLATE=utf8mb4_general_ci;

--
-- Dumping data for table `subjects`
--

INSERT INTO `subjects` (`subject_id`, `subject_name`, `special`, `grade_level`, `strand`) VALUES
(1, 'Physics 2', 'Mafeth Jinco', 0, 'STEM'),
(2, 'Physics 22', 'Mafeth Jinco2', 0, 'STEM'),
(3, 'Genereal Physics 1', 'Mafeth Jinco', 0, ''),
(4, 'General Physics 2', 'Mafeth Jinco', 0, 'STEM'),
(5, 'GP1', 'Mafeth Jinco', 12, 'STEM'),
(6, 'DRRM', 'Evelyn', 12, 'STEM'),
(7, 'Entrepreneurship', 'Mam', 12, 'STEM'),
(8, 'test', 'test', 12, 'STEM'),
(9, 'test', 'test', 12, 'ABM'),
(10, 'qwed', 'qwe', 12, 'GAS'),
(11, 'tesa1', 'te23', 12, 'HUMMS');

-- --------------------------------------------------------

--
-- Table structure for table `subject_requirements`
--

CREATE TABLE `subject_requirements` (
  `requirement_id` int(11) NOT NULL,
  `section_id` int(11) NOT NULL,
  `subject_id` int(11) NOT NULL,
  `faculty_id` int(11) NOT NULL,
  `hours_per_week` int(11) NOT NULL DEFAULT 1,
  `preferred_days` varchar(50) DEFAULT NULL,
  `notes` text DEFAULT NULL,
  `created_at` timestamp NOT NULL DEFAULT current_timestamp(),
  `updated_at` timestamp NOT NULL DEFAULT current_timestamp() ON UPDATE current_timestamp(),
  `schedule_pattern` text DEFAULT NULL COMMENT 'JSON: {"Monday":["1","2"],"Tuesday":["1","2"]}'
) ENGINE=InnoDB DEFAULT CHARSET=utf8mb4 COLLATE=utf8mb4_general_ci;

--
-- Dumping data for table `subject_requirements`
--

INSERT INTO `subject_requirements` (`requirement_id`, `section_id`, `subject_id`, `faculty_id`, `hours_per_week`, `preferred_days`, `notes`, `created_at`, `updated_at`, `schedule_pattern`) VALUES
(16, 3, 6, 100017, 5, '', '', '2025-12-08 05:06:09', '2026-02-19 07:04:42', NULL),
(17, 3, 7, 100019, 5, '', '', '2025-12-08 05:06:12', '2026-01-28 01:39:59', NULL),
(18, 3, 4, 100020, 5, '', '', '2025-12-08 05:06:17', '2026-01-27 13:52:10', NULL),
(19, 3, 3, 100010, 5, '', '', '2025-12-08 05:06:20', '2026-01-27 13:52:31', NULL),
(20, 3, 2, 100016, 5, '', '', '2025-12-08 11:13:22', '2026-01-27 13:52:56', NULL),
(21, 3, 9, 100020, 5, '', '', '2025-12-08 11:13:26', '2026-01-27 13:53:06', NULL),
(22, 3, 5, 100010, 5, '', '', '2025-12-08 11:13:33', '2026-01-27 13:52:46', NULL),
(24, 2, 6, 100015, 5, NULL, NULL, '2025-12-08 12:06:32', '2026-01-28 01:18:01', NULL),
(25, 2, 7, 100017, 5, NULL, NULL, '2025-12-08 12:06:34', '2026-01-28 01:19:02', NULL),
(26, 2, 4, 100004, 5, NULL, NULL, '2025-12-08 12:06:38', '2026-01-28 01:18:12', NULL),
(27, 2, 3, 100018, 5, NULL, NULL, '2025-12-08 12:06:41', '2026-01-28 01:18:17', NULL),
(28, 2, 5, 100013, 5, NULL, NULL, '2025-12-08 12:06:44', '2026-01-28 01:18:24', NULL),
(31, 1, 6, 100009, 4, NULL, NULL, '2026-01-27 13:23:14', '2026-01-27 13:23:14', NULL),
(32, 2, 2, 100020, 5, NULL, NULL, '2026-01-27 15:04:10', '2026-01-27 15:06:40', NULL),
(33, 2, 8, 100008, 5, NULL, NULL, '2026-01-27 15:07:31', '2026-01-28 01:18:32', NULL),
(34, 3, 10, 100004, 5, NULL, NULL, '2026-02-19 06:56:59', '2026-02-19 06:57:10', NULL);

-- --------------------------------------------------------

--
-- Table structure for table `time_slots`
--

CREATE TABLE `time_slots` (
  `time_slot_id` int(11) NOT NULL,
  `start_time` time NOT NULL,
  `end_time` time NOT NULL,
  `is_break` tinyint(1) DEFAULT 0,
  `break_label` varchar(50) DEFAULT NULL,
  `slot_order` int(11) NOT NULL,
  `created_at` timestamp NOT NULL DEFAULT current_timestamp(),
  `section_id` int(11) DEFAULT NULL
) ENGINE=InnoDB DEFAULT CHARSET=utf8mb4 COLLATE=utf8mb4_general_ci;

--
-- Dumping data for table `time_slots`
--

INSERT INTO `time_slots` (`time_slot_id`, `start_time`, `end_time`, `is_break`, `break_label`, `slot_order`, `created_at`, `section_id`) VALUES
(14, '07:30:00', '08:30:00', 0, '', 1, '2026-01-12 14:21:53', 3),
(15, '08:30:00', '09:30:00', 0, '', 2, '2026-01-12 14:22:00', 3),
(16, '09:30:00', '09:45:00', 1, 'RECESS', 3, '2026-01-12 14:22:15', 3),
(17, '09:45:00', '10:45:00', 0, '', 4, '2026-01-12 14:22:24', 3),
(18, '10:45:00', '11:45:00', 0, '', 5, '2026-01-12 14:22:29', 3),
(19, '11:45:00', '13:00:00', 1, 'LUNCH BREAK', 6, '2026-01-12 14:23:13', 3),
(20, '13:00:00', '14:00:00', 0, '', 7, '2026-01-12 14:24:13', 3),
(21, '14:00:00', '15:00:00', 0, '', 8, '2026-01-12 14:24:21', 3),
(22, '15:00:00', '15:15:00', 1, 'RECESS', 9, '2026-01-12 14:24:40', 3),
(23, '15:15:00', '16:15:00', 0, '', 10, '2026-01-12 14:24:54', 3),
(37, '07:30:00', '08:30:00', 0, '', 1, '2026-01-27 15:04:37', 2),
(38, '08:30:00', '09:30:00', 0, '', 2, '2026-01-27 15:04:37', 2),
(39, '09:30:00', '09:45:00', 1, 'RECESS', 3, '2026-01-27 15:04:37', 2),
(40, '09:45:00', '10:45:00', 0, '', 4, '2026-01-27 15:04:37', 2),
(41, '10:45:00', '11:45:00', 0, '', 5, '2026-01-27 15:04:37', 2),
(42, '11:45:00', '13:00:00', 1, 'LUNCH BREAK', 6, '2026-01-27 15:04:37', 2),
(43, '13:00:00', '14:00:00', 0, '', 7, '2026-01-27 15:04:37', 2),
(44, '14:00:00', '15:00:00', 0, '', 8, '2026-01-27 15:04:37', 2),
(45, '15:00:00', '15:15:00', 1, 'RECESS', 9, '2026-01-27 15:04:37', 2),
(46, '15:15:00', '16:15:00', 0, '', 10, '2026-01-27 15:04:37', 2),
(47, '16:15:00', '17:15:00', 0, '', 11, '2026-01-28 03:07:24', 3),
(48, '07:30:00', '08:30:00', 0, '', 1, '2026-02-19 07:28:35', 1),
(49, '08:30:00', '09:30:00', 0, '', 2, '2026-02-19 07:28:35', 1),
(50, '09:30:00', '09:45:00', 1, 'RECESS', 3, '2026-02-19 07:28:35', 1),
(51, '09:45:00', '10:45:00', 0, '', 4, '2026-02-19 07:28:35', 1),
(52, '10:45:00', '11:45:00', 0, '', 5, '2026-02-19 07:28:35', 1),
(53, '11:45:00', '13:00:00', 1, 'LUNCH BREAK', 6, '2026-02-19 07:28:35', 1),
(54, '13:00:00', '14:00:00', 0, '', 7, '2026-02-19 07:28:35', 1),
(55, '14:00:00', '15:00:00', 0, '', 8, '2026-02-19 07:28:35', 1),
(56, '15:00:00', '15:15:00', 1, 'RECESS', 9, '2026-02-19 07:28:35', 1),
(57, '15:15:00', '16:15:00', 0, '', 10, '2026-02-19 07:28:35', 1),
(58, '16:15:00', '17:15:00', 0, '', 11, '2026-02-19 07:28:35', 1);

-- --------------------------------------------------------

--
-- Stand-in structure for view `vw_room_utilization`
-- (See below for the actual view)
--
CREATE TABLE `vw_room_utilization` (
`room_id` int(11)
,`room_name` varchar(50)
,`room_type` enum('Classroom','Laboratory','Gym','Conference Room','Other')
,`total_bookings` bigint(21)
,`days_used` bigint(21)
);

-- --------------------------------------------------------

--
-- Stand-in structure for view `vw_schedule_details`
-- (See below for the actual view)
--
CREATE TABLE `vw_schedule_details` (
`schedule_id` int(11)
,`section_name` varchar(100)
,`grade_level` varchar(50)
,`track` varchar(50)
,`school_year` varchar(20)
,`semester` enum('First Semester','Second Semester','Summer')
,`adviser_name` varchar(202)
,`subject_name` varchar(255)
,`teacher_name` varchar(303)
,`schedule_date` date
,`day_of_week` enum('Monday','Tuesday','Wednesday','Thursday','Friday','Saturday')
,`start_time` time
,`end_time` time
,`time_range` varchar(19)
,`room_name` varchar(50)
,`notes` text
,`is_auto_generated` tinyint(1)
);

-- --------------------------------------------------------

--
-- Stand-in structure for view `vw_teacher_workload`
-- (See below for the actual view)
--
CREATE TABLE `vw_teacher_workload` (
`faculty_id` int(6)
,`teacher_name` varchar(202)
,`total_classes` bigint(21)
,`sections_taught` bigint(21)
,`subjects_taught` bigint(21)
,`sections` mediumtext
);

-- --------------------------------------------------------

--
-- Structure for view `vw_room_utilization`
--
DROP TABLE IF EXISTS `vw_room_utilization`;

CREATE ALGORITHM=UNDEFINED DEFINER=`root`@`localhost` SQL SECURITY DEFINER VIEW `vw_room_utilization`  AS SELECT `r`.`room_id` AS `room_id`, `r`.`room_name` AS `room_name`, `r`.`room_type` AS `room_type`, count(`s`.`schedule_id`) AS `total_bookings`, count(distinct `s`.`day_of_week`) AS `days_used` FROM (`rooms` `r` left join `schedules` `s` on(`r`.`room_id` = `s`.`room_id`)) GROUP BY `r`.`room_id`, `r`.`room_name`, `r`.`room_type` ORDER BY count(`s`.`schedule_id`) DESC ;

-- --------------------------------------------------------

--
-- Structure for view `vw_schedule_details`
--
DROP TABLE IF EXISTS `vw_schedule_details`;

CREATE ALGORITHM=UNDEFINED DEFINER=`root`@`localhost` SQL SECURITY DEFINER VIEW `vw_schedule_details`  AS SELECT `s`.`schedule_id` AS `schedule_id`, `sec`.`section_name` AS `section_name`, `sec`.`grade_level` AS `grade_level`, `sec`.`track` AS `track`, `sec`.`school_year` AS `school_year`, `sec`.`semester` AS `semester`, concat(`adv`.`lname`,', ',`adv`.`fname`) AS `adviser_name`, `sub`.`subject_name` AS `subject_name`, concat(`f`.`lname`,', ',`f`.`fname`,' ',`f`.`mname`) AS `teacher_name`, `s`.`schedule_date` AS `schedule_date`, `s`.`day_of_week` AS `day_of_week`, `ts`.`start_time` AS `start_time`, `ts`.`end_time` AS `end_time`, concat(time_format(`ts`.`start_time`,'%h:%i %p'),' - ',time_format(`ts`.`end_time`,'%h:%i %p')) AS `time_range`, `r`.`room_name` AS `room_name`, `s`.`notes` AS `notes`, `s`.`is_auto_generated` AS `is_auto_generated` FROM ((((((`schedules` `s` join `sections` `sec` on(`s`.`section_id` = `sec`.`section_id`)) left join `faculty` `adv` on(`sec`.`adviser_id` = `adv`.`faculty_id`)) join `subjects` `sub` on(`s`.`subject_id` = `sub`.`subject_id`)) join `faculty` `f` on(`s`.`faculty_id` = `f`.`faculty_id`)) left join `time_slots` `ts` on(`s`.`time_slot_id` = `ts`.`time_slot_id`)) left join `rooms` `r` on(`s`.`room_id` = `r`.`room_id`)) WHERE `ts`.`is_break` = 0 OR `ts`.`is_break` is null ORDER BY `sec`.`section_name` ASC, `s`.`schedule_date` ASC, `ts`.`slot_order` ASC ;

-- --------------------------------------------------------

--
-- Structure for view `vw_teacher_workload`
--
DROP TABLE IF EXISTS `vw_teacher_workload`;

CREATE ALGORITHM=UNDEFINED DEFINER=`root`@`localhost` SQL SECURITY DEFINER VIEW `vw_teacher_workload`  AS SELECT `f`.`faculty_id` AS `faculty_id`, concat(`f`.`lname`,', ',`f`.`fname`) AS `teacher_name`, count(distinct `s`.`schedule_id`) AS `total_classes`, count(distinct `s`.`section_id`) AS `sections_taught`, count(distinct `s`.`subject_id`) AS `subjects_taught`, group_concat(distinct `sec`.`section_name` separator ', ') AS `sections` FROM ((`faculty` `f` join `schedules` `s` on(`f`.`faculty_id` = `s`.`faculty_id`)) join `sections` `sec` on(`s`.`section_id` = `sec`.`section_id`)) GROUP BY `f`.`faculty_id`, `f`.`lname`, `f`.`fname` ORDER BY count(distinct `s`.`schedule_id`) DESC ;

--
-- Indexes for dumped tables
--

--
-- Indexes for table `events`
--
ALTER TABLE `events`
  ADD PRIMARY KEY (`event_id`),
  ADD KEY `idx_event_date` (`event_date`),
  ADD KEY `idx_event_type` (`event_type`);

--
-- Indexes for table `faculty`
--
ALTER TABLE `faculty`
  ADD PRIMARY KEY (`faculty_id`);

--
-- Indexes for table `faculty_availability`
--
ALTER TABLE `faculty_availability`
  ADD PRIMARY KEY (`availability_id`),
  ADD KEY `idx_faculty` (`faculty_id`),
  ADD KEY `idx_day` (`day_of_week`);

--
-- Indexes for table `rooms`
--
ALTER TABLE `rooms`
  ADD PRIMARY KEY (`room_id`),
  ADD UNIQUE KEY `room_name` (`room_name`),
  ADD KEY `idx_room_type` (`room_type`);

--
-- Indexes for table `schedules`
--
ALTER TABLE `schedules`
  ADD PRIMARY KEY (`schedule_id`),
  ADD KEY `idx_schedule_date` (`schedule_date`),
  ADD KEY `idx_faculty_id` (`faculty_id`),
  ADD KEY `idx_subject_id` (`subject_id`),
  ADD KEY `fk_schedule_room` (`room_id`),
  ADD KEY `idx_section_id` (`section_id`),
  ADD KEY `idx_day_of_week` (`day_of_week`),
  ADD KEY `idx_time_slot` (`time_slot_id`),
  ADD KEY `idx_schedule_lookup` (`section_id`,`schedule_date`,`day_of_week`,`time_slot_id`);

--
-- Indexes for table `schedule_generation_logs`
--
ALTER TABLE `schedule_generation_logs`
  ADD PRIMARY KEY (`log_id`),
  ADD KEY `generated_by` (`generated_by`),
  ADD KEY `idx_section` (`section_id`),
  ADD KEY `idx_generation_time` (`generation_time`);

--
-- Indexes for table `schedule_patterns`
--
ALTER TABLE `schedule_patterns`
  ADD PRIMARY KEY (`pattern_id`),
  ADD UNIQUE KEY `unique_pattern` (`requirement_id`,`day_of_week`,`time_slot_id`),
  ADD KEY `time_slot_id` (`time_slot_id`);

--
-- Indexes for table `schedule_templates`
--
ALTER TABLE `schedule_templates`
  ADD PRIMARY KEY (`template_id`),
  ADD KEY `created_by` (`created_by`),
  ADD KEY `idx_track` (`track`),
  ADD KEY `idx_grade_level` (`grade_level`);

--
-- Indexes for table `sections`
--
ALTER TABLE `sections`
  ADD PRIMARY KEY (`section_id`),
  ADD KEY `adviser_id` (`adviser_id`),
  ADD KEY `idx_section_name` (`section_name`),
  ADD KEY `idx_school_year` (`school_year`,`semester`);

--
-- Indexes for table `subjects`
--
ALTER TABLE `subjects`
  ADD PRIMARY KEY (`subject_id`);

--
-- Indexes for table `subject_requirements`
--
ALTER TABLE `subject_requirements`
  ADD PRIMARY KEY (`requirement_id`),
  ADD UNIQUE KEY `unique_section_subject` (`section_id`,`subject_id`),
  ADD KEY `idx_section` (`section_id`),
  ADD KEY `idx_subject` (`subject_id`),
  ADD KEY `idx_faculty` (`faculty_id`);

--
-- Indexes for table `time_slots`
--
ALTER TABLE `time_slots`
  ADD PRIMARY KEY (`time_slot_id`),
  ADD KEY `idx_slot_order` (`slot_order`),
  ADD KEY `idx_section_timeslots` (`section_id`,`slot_order`);

--
-- AUTO_INCREMENT for dumped tables
--

--
-- AUTO_INCREMENT for table `events`
--
ALTER TABLE `events`
  MODIFY `event_id` int(11) NOT NULL AUTO_INCREMENT;

--
-- AUTO_INCREMENT for table `faculty`
--
ALTER TABLE `faculty`
  MODIFY `faculty_id` int(6) NOT NULL AUTO_INCREMENT COMMENT 'needs to be 6 characters', AUTO_INCREMENT=100021;

--
-- AUTO_INCREMENT for table `faculty_availability`
--
ALTER TABLE `faculty_availability`
  MODIFY `availability_id` int(11) NOT NULL AUTO_INCREMENT;

--
-- AUTO_INCREMENT for table `rooms`
--
ALTER TABLE `rooms`
  MODIFY `room_id` int(11) NOT NULL AUTO_INCREMENT, AUTO_INCREMENT=7;

--
-- AUTO_INCREMENT for table `schedules`
--
ALTER TABLE `schedules`
  MODIFY `schedule_id` int(11) NOT NULL AUTO_INCREMENT, AUTO_INCREMENT=2874;

--
-- AUTO_INCREMENT for table `schedule_generation_logs`
--
ALTER TABLE `schedule_generation_logs`
  MODIFY `log_id` int(11) NOT NULL AUTO_INCREMENT, AUTO_INCREMENT=16;

--
-- AUTO_INCREMENT for table `schedule_patterns`
--
ALTER TABLE `schedule_patterns`
  MODIFY `pattern_id` int(11) NOT NULL AUTO_INCREMENT, AUTO_INCREMENT=142;

--
-- AUTO_INCREMENT for table `schedule_templates`
--
ALTER TABLE `schedule_templates`
  MODIFY `template_id` int(11) NOT NULL AUTO_INCREMENT;

--
-- AUTO_INCREMENT for table `sections`
--
ALTER TABLE `sections`
  MODIFY `section_id` int(11) NOT NULL AUTO_INCREMENT, AUTO_INCREMENT=4;

--
-- AUTO_INCREMENT for table `subjects`
--
ALTER TABLE `subjects`
  MODIFY `subject_id` int(11) NOT NULL AUTO_INCREMENT, AUTO_INCREMENT=12;

--
-- AUTO_INCREMENT for table `subject_requirements`
--
ALTER TABLE `subject_requirements`
  MODIFY `requirement_id` int(11) NOT NULL AUTO_INCREMENT, AUTO_INCREMENT=36;

--
-- AUTO_INCREMENT for table `time_slots`
--
ALTER TABLE `time_slots`
  MODIFY `time_slot_id` int(11) NOT NULL AUTO_INCREMENT, AUTO_INCREMENT=59;

--
-- Constraints for dumped tables
--

--
-- Constraints for table `faculty_availability`
--
ALTER TABLE `faculty_availability`
  ADD CONSTRAINT `faculty_availability_ibfk_1` FOREIGN KEY (`faculty_id`) REFERENCES `faculty` (`faculty_id`) ON DELETE CASCADE;

--
-- Constraints for table `schedules`
--
ALTER TABLE `schedules`
  ADD CONSTRAINT `fk_schedule_room` FOREIGN KEY (`room_id`) REFERENCES `rooms` (`room_id`) ON DELETE SET NULL,
  ADD CONSTRAINT `fk_schedule_section` FOREIGN KEY (`section_id`) REFERENCES `sections` (`section_id`) ON DELETE CASCADE,
  ADD CONSTRAINT `fk_schedule_time_slot` FOREIGN KEY (`time_slot_id`) REFERENCES `time_slots` (`time_slot_id`) ON DELETE SET NULL,
  ADD CONSTRAINT `schedules_ibfk_1` FOREIGN KEY (`faculty_id`) REFERENCES `faculty` (`faculty_id`) ON DELETE CASCADE,
  ADD CONSTRAINT `schedules_ibfk_2` FOREIGN KEY (`subject_id`) REFERENCES `subjects` (`subject_id`) ON DELETE CASCADE;

--
-- Constraints for table `schedule_generation_logs`
--
ALTER TABLE `schedule_generation_logs`
  ADD CONSTRAINT `schedule_generation_logs_ibfk_1` FOREIGN KEY (`section_id`) REFERENCES `sections` (`section_id`) ON DELETE CASCADE,
  ADD CONSTRAINT `schedule_generation_logs_ibfk_2` FOREIGN KEY (`generated_by`) REFERENCES `faculty` (`faculty_id`) ON DELETE SET NULL;

--
-- Constraints for table `schedule_patterns`
--
ALTER TABLE `schedule_patterns`
  ADD CONSTRAINT `schedule_patterns_ibfk_1` FOREIGN KEY (`requirement_id`) REFERENCES `subject_requirements` (`requirement_id`) ON DELETE CASCADE,
  ADD CONSTRAINT `schedule_patterns_ibfk_2` FOREIGN KEY (`time_slot_id`) REFERENCES `time_slots` (`time_slot_id`);

--
-- Constraints for table `schedule_templates`
--
ALTER TABLE `schedule_templates`
  ADD CONSTRAINT `schedule_templates_ibfk_1` FOREIGN KEY (`created_by`) REFERENCES `faculty` (`faculty_id`) ON DELETE SET NULL;

--
-- Constraints for table `sections`
--
ALTER TABLE `sections`
  ADD CONSTRAINT `sections_ibfk_1` FOREIGN KEY (`adviser_id`) REFERENCES `faculty` (`faculty_id`) ON DELETE SET NULL;

--
-- Constraints for table `subject_requirements`
--
ALTER TABLE `subject_requirements`
  ADD CONSTRAINT `subject_requirements_ibfk_1` FOREIGN KEY (`section_id`) REFERENCES `sections` (`section_id`) ON DELETE CASCADE,
  ADD CONSTRAINT `subject_requirements_ibfk_2` FOREIGN KEY (`subject_id`) REFERENCES `subjects` (`subject_id`) ON DELETE CASCADE,
  ADD CONSTRAINT `subject_requirements_ibfk_3` FOREIGN KEY (`faculty_id`) REFERENCES `faculty` (`faculty_id`) ON DELETE CASCADE;

--
-- Constraints for table `time_slots`
--
ALTER TABLE `time_slots`
  ADD CONSTRAINT `time_slots_ibfk_1` FOREIGN KEY (`section_id`) REFERENCES `sections` (`section_id`) ON DELETE CASCADE;
COMMIT;

/*!40101 SET CHARACTER_SET_CLIENT=@OLD_CHARACTER_SET_CLIENT */;
/*!40101 SET CHARACTER_SET_RESULTS=@OLD_CHARACTER_SET_RESULTS */;
/*!40101 SET COLLATION_CONNECTION=@OLD_COLLATION_CONNECTION */;
