-- phpMyAdmin SQL Dump
-- version 5.2.1
-- https://www.phpmyadmin.net/
--
-- Host: 127.0.0.1
-- Generation Time: Dec 15, 2025 at 05:40 PM
-- Server version: 10.4.32-MariaDB
-- PHP Version: 8.2.12

SET SQL_MODE = "NO_AUTO_VALUE_ON_ZERO";
START TRANSACTION;
SET time_zone = "+00:00";


/*!40101 SET @OLD_CHARACTER_SET_CLIENT=@@CHARACTER_SET_CLIENT */;
/*!40101 SET @OLD_CHARACTER_SET_RESULTS=@@CHARACTER_SET_RESULTS */;
/*!40101 SET @OLD_COLLATION_CONNECTION=@@COLLATION_CONNECTION */;
/*!40101 SET NAMES utf8mb4 */;

--
-- Database: `main`
--

DELIMITER $$
--
-- Procedures
--
CREATE DEFINER=`root`@`localhost` PROCEDURE `sp_check_schedule_conflict` (IN `p_faculty_id` INT, IN `p_section_id` INT, IN `p_schedule_date` DATE, IN `p_time_slot_id` INT, IN `p_room_id` INT, OUT `p_conflict_type` VARCHAR(50), OUT `p_conflict_message` VARCHAR(255))   BEGIN
  DECLARE teacher_conflict INT DEFAULT 0;
  DECLARE room_conflict INT DEFAULT 0;
  DECLARE section_conflict INT DEFAULT 0;
  
  -- Check teacher conflict
  SELECT COUNT(*) INTO teacher_conflict
  FROM schedules
  WHERE faculty_id = p_faculty_id
    AND schedule_date = p_schedule_date
    AND time_slot_id = p_time_slot_id;
  
  -- Check room conflict
  SELECT COUNT(*) INTO room_conflict
  FROM schedules
  WHERE room_id = p_room_id
    AND schedule_date = p_schedule_date
    AND time_slot_id = p_time_slot_id
    AND p_room_id IS NOT NULL;
  
  -- Check section conflict
  SELECT COUNT(*) INTO section_conflict
  FROM schedules
  WHERE section_id = p_section_id
    AND schedule_date = p_schedule_date
    AND time_slot_id = p_time_slot_id;
  
  -- Set conflict type and message
  IF teacher_conflict > 0 THEN
    SET p_conflict_type = 'Teacher Conflict';
    SET p_conflict_message = 'Teacher is already scheduled at this time';
  ELSEIF room_conflict > 0 THEN
    SET p_conflict_type = 'Room Conflict';
    SET p_conflict_message = 'Room is already booked at this time';
  ELSEIF section_conflict > 0 THEN
    SET p_conflict_type = 'Section Conflict';
    SET p_conflict_message = 'Section already has a class at this time';
  ELSE
    SET p_conflict_type = NULL;
    SET p_conflict_message = 'No conflicts found';
  END IF;
END$$

DELIMITER ;

-- --------------------------------------------------------

--
-- Table structure for table `events`
--

CREATE TABLE `events` (
  `event_id` int(11) NOT NULL,
  `event_title` varchar(255) NOT NULL,
  `event_type` enum('meeting','training','seminar','holiday','other') NOT NULL,
  `event_date` date NOT NULL,
  `start_time` time NOT NULL,
  `end_time` time NOT NULL,
  `location` varchar(100) DEFAULT NULL,
  `description` text DEFAULT NULL,
  `created_at` timestamp NOT NULL DEFAULT current_timestamp(),
  `updated_at` timestamp NOT NULL DEFAULT current_timestamp() ON UPDATE current_timestamp()
) ENGINE=InnoDB DEFAULT CHARSET=utf8mb4 COLLATE=utf8mb4_general_ci;

-- --------------------------------------------------------

--
-- Table structure for table `faculty`
--

CREATE TABLE `faculty` (
  `faculty_id` int(6) NOT NULL COMMENT 'needs to be 6 characters',
  `fname` varchar(100) NOT NULL,
  `mname` varchar(100) NOT NULL,
  `lname` varchar(100) NOT NULL,
  `gender` varchar(10) NOT NULL COMMENT 'male, female, or whatever else',
  `pnumber` bigint(16) NOT NULL COMMENT 'phone contact number in 63+',
  `address` varchar(255) NOT NULL COMMENT 'where they live',
  `email` varchar(255) NOT NULL COMMENT 'gmail, yahoo, proton, etc.',
  `status` text NOT NULL COMMENT 'for the state of the individual; sick, on maternity leave, retired, etc.'
) ENGINE=InnoDB DEFAULT CHARSET=utf8mb4 COLLATE=utf8mb4_general_ci;

--
-- Dumping data for table `faculty`
--

INSERT INTO `faculty` (`faculty_id`, `fname`, `mname`, `lname`, `gender`, `pnumber`, `address`, `email`, `status`) VALUES
(100000, 'Mark Andrie', 'Blanco', 'Santos', 'Male', 0, 'Facoma Street, Brgy. Labangan Poblacion', 'markandrieblancosantos@gmail.com', ''),
(100001, 'Mark Andrie', 'Blanco', 'Santos', 'Male', 9933364675, 'Facoma Street, Brgy. Labangan Poblacion', 'markandrieblancosantos@gmail.com', ''),
(100002, 'Mark Andrie', 'Blanco', 'Santos', 'Male', 9933364675, 'Facoma St. Brgy. Labangan', 'markandrieblancosantos@gmail.com', ''),
(100003, 'Mark Andrie', 'Blanco', 'Santos', 'Male', 9933364675, 'Facoma St. Brgy. Labangan', 'markandrieblancosantos@gmail.com', 'dead inside'),
(100004, 'test', 'test', 'test', 'male', 98786534123, 'facoma street', '', 'feelin giffy'),
(100005, 'test12', 'test12', 'test12', 'other', 9933364675, 'dream land', '', 'fucked'),
(100006, 'test12313', 'test1231', 'test121313', 'other', 993336467513, 'dream landwsdawd', '', 'fuckedawdawd'),
(100007, 'test12313123123', 'test1231213123', 'test121313231', 'other', 993336467513123, 'dream landwsdawd123123123123', '', 'fuckedawdawd123123'),
(100008, 'finaltest', 'a2e', 'aga', 'other', 993336467513123, 'dream landwsdawd123123123123', '', 'fuckedawdawd123123'),
(100009, 'actualy final test', 'a2e', 'aga', 'other', 993336467513123, 'dream landwsdawd123123123123', '', 'fuckedawdawd123123'),
(100010, 'actualy final test aga', 'a2e', 'aga', 'other', 993336467513123, 'dream landwsdawd123123123123', '', 'fuckedawdawd123123'),
(100011, 'final test for product', 'final test for product', 'final test for product', 'other', 993336467513123, 'final test for product', '', 'final test for product'),
(100012, 'Samantha', 'Soemthing', 'Blanco', 'female', 123123123123, 'Somwhere', '', 'Dead'),
(100013, 'Hams', 'Hams', 'Hams', 'male', 99833713233, 'Earth', '', 'prob alive'),
(100014, 'savior', 'savior', 'savior', 'other', 213123123, 'savior', '', 'savior'),
(100015, 'Angerlo', 'Angerlo', 'Angerlo', 'male', 123123123, 'Angerlo', '', 'Angerlo'),
(100016, 'Advent Matthew', 'Sabado', 'Domingo', 'female', 9933364675, 'Somewhere in Earth', '', 'Probably alive but idk tbh'),
(100017, 'test', 'test', '213123', 'other', 12312312, 'rtste', '', 'test'),
(100018, 'test', 'test', 'tes1w', 'other', 123123124657900, 'red', '', 'bluer'),
(100019, '123', '123', '123', 'male', 123456889, 'ytuyuoi', '', 'yuriu'),
(100020, 'tes', 'sa', '4345', 'other', 123567890, 'awd', '', 'awd');

-- --------------------------------------------------------

--
-- Table structure for table `faculty_availability`
--

CREATE TABLE `faculty_availability` (
  `availability_id` int(11) NOT NULL,
  `faculty_id` int(11) NOT NULL,
  `day_of_week` enum('Monday','Tuesday','Wednesday','Thursday','Friday','Saturday') NOT NULL,
  `start_time` time NOT NULL,
  `end_time` time NOT NULL,
  `is_available` tinyint(1) DEFAULT 1,
  `notes` varchar(255) DEFAULT NULL,
  `created_at` timestamp NOT NULL DEFAULT current_timestamp(),
  `updated_at` timestamp NOT NULL DEFAULT current_timestamp() ON UPDATE current_timestamp()
) ENGINE=InnoDB DEFAULT CHARSET=utf8mb4 COLLATE=utf8mb4_general_ci;

-- --------------------------------------------------------

--
-- Table structure for table `rooms`
--

CREATE TABLE `rooms` (
  `room_id` int(11) NOT NULL,
  `room_name` varchar(50) NOT NULL,
  `room_type` enum('Classroom','Laboratory','Gym','Conference Room','Other') DEFAULT 'Classroom',
  `capacity` int(11) DEFAULT NULL,
  `building` varchar(50) DEFAULT NULL,
  `is_available` tinyint(1) DEFAULT 1,
  `created_at` timestamp NOT NULL DEFAULT current_timestamp(),
  `updated_at` timestamp NOT NULL DEFAULT current_timestamp() ON UPDATE current_timestamp()
) ENGINE=InnoDB DEFAULT CHARSET=utf8mb4 COLLATE=utf8mb4_general_ci;

--
-- Dumping data for table `rooms`
--

INSERT INTO `rooms` (`room_id`, `room_name`, `room_type`, `capacity`, `building`, `is_available`, `created_at`, `updated_at`) VALUES
(1, 'Room 101', 'Classroom', 40, 'Main Building', 1, '2025-12-06 05:57:50', '2025-12-06 05:57:50'),
(2, 'Room 102', 'Classroom', 40, 'Main Building', 1, '2025-12-06 05:57:50', '2025-12-06 05:57:50'),
(3, 'Room 103', 'Classroom', 40, 'Main Building', 1, '2025-12-06 05:57:50', '2025-12-06 05:57:50'),
(4, 'Science Lab 1', 'Laboratory', 30, 'Science Building', 1, '2025-12-06 05:57:50', '2025-12-06 05:57:50'),
(5, 'Computer Lab 1', 'Laboratory', 35, 'Tech Building', 1, '2025-12-06 05:57:50', '2025-12-06 05:57:50'),
(6, 'Gymnasium', 'Gym', 100, 'Sports Complex', 1, '2025-12-06 05:57:50', '2025-12-06 05:57:50');

-- --------------------------------------------------------

--
-- Table structure for table `schedules`
--

CREATE TABLE `schedules` (
  `schedule_id` int(11) NOT NULL,
  `section_id` int(11) DEFAULT NULL,
  `faculty_id` int(11) NOT NULL,
  `subject_id` int(11) NOT NULL,
  `schedule_date` date NOT NULL,
  `day_of_week` enum('Monday','Tuesday','Wednesday','Thursday','Friday','Saturday') DEFAULT NULL,
  `time_slot_id` int(11) DEFAULT NULL,
  `start_time` time NOT NULL,
  `end_time` time NOT NULL,
  `room` varchar(50) DEFAULT NULL,
  `room_id` int(11) DEFAULT NULL,
  `notes` text DEFAULT NULL,
  `is_auto_generated` tinyint(1) DEFAULT 0,
  `created_at` timestamp NOT NULL DEFAULT current_timestamp(),
  `updated_at` timestamp NOT NULL DEFAULT current_timestamp() ON UPDATE current_timestamp()
) ENGINE=InnoDB DEFAULT CHARSET=utf8mb4 COLLATE=utf8mb4_general_ci;

--
-- Dumping data for table `schedules`
--

INSERT INTO `schedules` (`schedule_id`, `section_id`, `faculty_id`, `subject_id`, `schedule_date`, `day_of_week`, `time_slot_id`, `start_time`, `end_time`, `room`, `room_id`, `notes`, `is_auto_generated`, `created_at`, `updated_at`) VALUES
(1, NULL, 100019, 6, '2025-11-23', NULL, NULL, '13:00:00', '14:00:00', 'Venus', NULL, 'TGest', 0, '2025-11-23 13:21:41', '2025-11-23 13:21:41'),
(2, NULL, 100015, 6, '2025-11-28', NULL, NULL, '02:00:00', '04:00:00', 'analyticasl', NULL, 'test', 0, '2025-11-27 13:57:50', '2025-11-27 13:57:50'),
(3, NULL, 100019, 6, '2025-12-08', NULL, NULL, '01:02:00', '02:03:00', '', NULL, '', 0, '2025-12-08 01:41:28', '2025-12-08 01:41:28'),
(95, 3, 100017, 7, '2025-12-15', 'Monday', 1, '07:30:00', '08:30:00', NULL, NULL, NULL, 1, '2025-12-08 05:07:36', '2025-12-08 05:07:36'),
(96, 3, 100020, 4, '2025-12-16', 'Tuesday', 1, '07:30:00', '08:30:00', NULL, NULL, NULL, 1, '2025-12-08 05:07:36', '2025-12-08 05:07:36'),
(97, 3, 100010, 3, '2025-12-17', 'Wednesday', 1, '07:30:00', '08:30:00', NULL, NULL, NULL, 1, '2025-12-08 05:07:36', '2025-12-08 05:07:36'),
(98, 3, 100017, 6, '2025-12-18', 'Thursday', 1, '07:30:00', '08:30:00', NULL, NULL, NULL, 1, '2025-12-08 11:05:20', '2025-12-08 11:05:20'),
(99, 3, 100017, 7, '2025-12-19', 'Friday', 1, '07:30:00', '08:30:00', NULL, NULL, NULL, 1, '2025-12-08 11:05:20', '2025-12-08 11:05:20'),
(100, 3, 100020, 4, '2025-12-22', 'Monday', 1, '07:30:00', '08:30:00', NULL, NULL, NULL, 1, '2025-12-08 11:05:20', '2025-12-08 11:05:20'),
(101, 3, 100010, 3, '2025-12-23', 'Tuesday', 1, '07:30:00', '08:30:00', NULL, NULL, NULL, 1, '2025-12-08 11:05:20', '2025-12-08 11:05:20'),
(109, 3, 100020, 4, '2025-12-15', NULL, 1, '07:30:00', '08:30:00', NULL, NULL, NULL, 0, '2025-12-08 11:14:08', '2025-12-08 11:14:08'),
(110, 3, 100017, 6, '2025-12-15', NULL, 2, '08:30:00', '09:30:00', NULL, NULL, NULL, 0, '2025-12-08 11:14:08', '2025-12-08 11:14:08'),
(111, 3, 100017, 7, '2025-12-15', NULL, 4, '09:45:00', '10:45:00', NULL, NULL, NULL, 0, '2025-12-08 11:14:08', '2025-12-08 11:14:08'),
(112, 3, 100010, 3, '2025-12-15', NULL, 5, '10:45:00', '11:45:00', NULL, NULL, NULL, 0, '2025-12-08 11:14:08', '2025-12-08 11:14:08'),
(113, 3, 100016, 2, '2025-12-15', NULL, 7, '13:00:00', '14:00:00', NULL, NULL, NULL, 0, '2025-12-08 11:14:08', '2025-12-08 11:14:08'),
(114, 3, 100020, 9, '2025-12-15', NULL, 8, '14:00:00', '15:00:00', NULL, NULL, NULL, 0, '2025-12-08 11:14:08', '2025-12-08 11:14:08'),
(115, 3, 100010, 5, '2025-12-15', NULL, 10, '15:15:00', '16:15:00', NULL, NULL, NULL, 0, '2025-12-08 11:14:08', '2025-12-08 11:14:08'),
(116, 3, 100017, 6, '2025-12-22', NULL, 1, '07:30:00', '08:30:00', NULL, NULL, NULL, 0, '2025-12-08 11:14:08', '2025-12-08 11:14:08'),
(117, 3, 100017, 7, '2025-12-22', NULL, 2, '08:30:00', '09:30:00', NULL, NULL, NULL, 0, '2025-12-08 11:14:08', '2025-12-08 11:14:08'),
(118, 3, 100020, 4, '2025-12-22', NULL, 4, '09:45:00', '10:45:00', NULL, NULL, NULL, 0, '2025-12-08 11:14:08', '2025-12-08 11:14:08'),
(119, 3, 100010, 3, '2025-12-22', NULL, 5, '10:45:00', '11:45:00', NULL, NULL, NULL, 0, '2025-12-08 11:14:08', '2025-12-08 11:14:08'),
(120, 3, 100016, 2, '2025-12-22', NULL, 7, '13:00:00', '14:00:00', NULL, NULL, NULL, 0, '2025-12-08 11:14:08', '2025-12-08 11:14:08'),
(121, 3, 100020, 9, '2025-12-22', NULL, 8, '14:00:00', '15:00:00', NULL, NULL, NULL, 0, '2025-12-08 11:14:08', '2025-12-08 11:14:08'),
(122, 3, 100010, 5, '2025-12-22', NULL, 10, '15:15:00', '16:15:00', NULL, NULL, NULL, 0, '2025-12-08 11:14:08', '2025-12-08 11:14:08'),
(123, 3, 100017, 6, '2025-12-29', NULL, 1, '07:30:00', '08:30:00', NULL, NULL, NULL, 0, '2025-12-08 11:14:08', '2025-12-08 11:14:08'),
(124, 3, 100017, 7, '2025-12-29', NULL, 2, '08:30:00', '09:30:00', NULL, NULL, NULL, 0, '2025-12-08 11:14:08', '2025-12-08 11:14:08'),
(125, 3, 100020, 4, '2025-12-29', NULL, 4, '09:45:00', '10:45:00', NULL, NULL, NULL, 0, '2025-12-08 11:14:08', '2025-12-08 11:14:08'),
(126, 3, 100010, 3, '2025-12-29', NULL, 5, '10:45:00', '11:45:00', NULL, NULL, NULL, 0, '2025-12-08 11:14:08', '2025-12-08 11:14:08'),
(127, 3, 100016, 2, '2025-12-29', NULL, 7, '13:00:00', '14:00:00', NULL, NULL, NULL, 0, '2025-12-08 11:14:08', '2025-12-08 11:14:08'),
(128, 3, 100020, 9, '2025-12-29', NULL, 8, '14:00:00', '15:00:00', NULL, NULL, NULL, 0, '2025-12-08 11:14:08', '2025-12-08 11:14:08'),
(129, 3, 100010, 5, '2025-12-29', NULL, 10, '15:15:00', '16:15:00', NULL, NULL, NULL, 0, '2025-12-08 11:14:08', '2025-12-08 11:14:08'),
(130, 3, 100017, 6, '2026-01-05', NULL, 1, '07:30:00', '08:30:00', NULL, NULL, NULL, 0, '2025-12-08 11:14:08', '2025-12-08 11:14:08'),
(131, 3, 100017, 7, '2026-01-05', NULL, 2, '08:30:00', '09:30:00', NULL, NULL, NULL, 0, '2025-12-08 11:14:08', '2025-12-08 11:14:08'),
(132, 3, 100020, 4, '2026-01-05', NULL, 4, '09:45:00', '10:45:00', NULL, NULL, NULL, 0, '2025-12-08 11:14:08', '2025-12-08 11:14:08'),
(133, 3, 100010, 3, '2026-01-05', NULL, 5, '10:45:00', '11:45:00', NULL, NULL, NULL, 0, '2025-12-08 11:14:08', '2025-12-08 11:14:08'),
(134, 3, 100016, 2, '2026-01-05', NULL, 7, '13:00:00', '14:00:00', NULL, NULL, NULL, 0, '2025-12-08 11:14:08', '2025-12-08 11:14:08'),
(135, 3, 100020, 9, '2026-01-05', NULL, 8, '14:00:00', '15:00:00', NULL, NULL, NULL, 0, '2025-12-08 11:14:08', '2025-12-08 11:14:08'),
(136, 3, 100010, 5, '2026-01-05', NULL, 10, '15:15:00', '16:15:00', NULL, NULL, NULL, 0, '2025-12-08 11:14:08', '2025-12-08 11:14:08'),
(144, 3, 100016, 2, '2025-12-15', NULL, 1, '07:30:00', '08:30:00', NULL, NULL, NULL, 0, '2025-12-08 11:20:21', '2025-12-08 11:20:21'),
(145, 3, 100010, 3, '2025-12-15', NULL, 2, '08:30:00', '09:30:00', NULL, NULL, NULL, 0, '2025-12-08 11:20:21', '2025-12-08 11:20:21'),
(146, 3, 100010, 5, '2025-12-15', NULL, 4, '09:45:00', '10:45:00', NULL, NULL, NULL, 0, '2025-12-08 11:20:21', '2025-12-08 11:20:21'),
(147, 3, 100020, 4, '2025-12-15', NULL, 5, '10:45:00', '11:45:00', NULL, NULL, NULL, 0, '2025-12-08 11:20:21', '2025-12-08 11:20:21'),
(148, 3, 100020, 9, '2025-12-15', NULL, 7, '13:00:00', '14:00:00', NULL, NULL, NULL, 0, '2025-12-08 11:20:21', '2025-12-08 11:20:21'),
(149, 3, 100017, 6, '2025-12-15', NULL, 8, '14:00:00', '15:00:00', NULL, NULL, NULL, 0, '2025-12-08 11:20:21', '2025-12-08 11:20:21'),
(150, 3, 100017, 7, '2025-12-15', NULL, 10, '15:15:00', '16:15:00', NULL, NULL, NULL, 0, '2025-12-08 11:20:21', '2025-12-08 11:20:21'),
(151, 3, 100010, 3, '2025-12-22', NULL, 1, '07:30:00', '08:30:00', NULL, NULL, NULL, 0, '2025-12-08 11:20:21', '2025-12-08 11:20:21'),
(152, 3, 100020, 9, '2025-12-22', NULL, 2, '08:30:00', '09:30:00', NULL, NULL, NULL, 0, '2025-12-08 11:20:21', '2025-12-08 11:20:21'),
(153, 3, 100017, 6, '2025-12-22', NULL, 4, '09:45:00', '10:45:00', NULL, NULL, NULL, 0, '2025-12-08 11:20:21', '2025-12-08 11:20:21'),
(154, 3, 100017, 7, '2025-12-22', NULL, 5, '10:45:00', '11:45:00', NULL, NULL, NULL, 0, '2025-12-08 11:20:21', '2025-12-08 11:20:21'),
(155, 3, 100010, 5, '2025-12-22', NULL, 7, '13:00:00', '14:00:00', NULL, NULL, NULL, 0, '2025-12-08 11:20:21', '2025-12-08 11:20:21'),
(156, 3, 100016, 2, '2025-12-22', NULL, 8, '14:00:00', '15:00:00', NULL, NULL, NULL, 0, '2025-12-08 11:20:21', '2025-12-08 11:20:21'),
(157, 3, 100020, 4, '2025-12-22', NULL, 10, '15:15:00', '16:15:00', NULL, NULL, NULL, 0, '2025-12-08 11:20:21', '2025-12-08 11:20:21'),
(158, 3, 100010, 3, '2025-12-29', NULL, 1, '07:30:00', '08:30:00', NULL, NULL, NULL, 0, '2025-12-08 11:20:21', '2025-12-08 11:20:21'),
(159, 3, 100020, 4, '2025-12-29', NULL, 2, '08:30:00', '09:30:00', NULL, NULL, NULL, 0, '2025-12-08 11:20:21', '2025-12-08 11:20:21'),
(160, 3, 100017, 6, '2025-12-29', NULL, 4, '09:45:00', '10:45:00', NULL, NULL, NULL, 0, '2025-12-08 11:20:21', '2025-12-08 11:20:21'),
(161, 3, 100017, 7, '2025-12-29', NULL, 5, '10:45:00', '11:45:00', NULL, NULL, NULL, 0, '2025-12-08 11:20:21', '2025-12-08 11:20:21'),
(162, 3, 100020, 9, '2025-12-29', NULL, 7, '13:00:00', '14:00:00', NULL, NULL, NULL, 0, '2025-12-08 11:20:21', '2025-12-08 11:20:21'),
(163, 3, 100010, 5, '2025-12-29', NULL, 8, '14:00:00', '15:00:00', NULL, NULL, NULL, 0, '2025-12-08 11:20:21', '2025-12-08 11:20:21'),
(164, 3, 100016, 2, '2025-12-29', NULL, 10, '15:15:00', '16:15:00', NULL, NULL, NULL, 0, '2025-12-08 11:20:21', '2025-12-08 11:20:21'),
(165, 3, 100010, 3, '2026-01-05', NULL, 1, '07:30:00', '08:30:00', NULL, NULL, NULL, 0, '2025-12-08 11:20:21', '2025-12-08 11:20:21'),
(166, 3, 100016, 2, '2026-01-05', NULL, 2, '08:30:00', '09:30:00', NULL, NULL, NULL, 0, '2025-12-08 11:20:21', '2025-12-08 11:20:21'),
(167, 3, 100017, 7, '2026-01-05', NULL, 4, '09:45:00', '10:45:00', NULL, NULL, NULL, 0, '2025-12-08 11:20:21', '2025-12-08 11:20:21'),
(168, 3, 100020, 9, '2026-01-05', NULL, 5, '10:45:00', '11:45:00', NULL, NULL, NULL, 0, '2025-12-08 11:20:21', '2025-12-08 11:20:21'),
(169, 3, 100020, 4, '2026-01-05', NULL, 7, '13:00:00', '14:00:00', NULL, NULL, NULL, 0, '2025-12-08 11:20:21', '2025-12-08 11:20:21'),
(170, 3, 100010, 5, '2026-01-05', NULL, 8, '14:00:00', '15:00:00', NULL, NULL, NULL, 0, '2025-12-08 11:20:21', '2025-12-08 11:20:21'),
(171, 3, 100017, 6, '2026-01-05', NULL, 10, '15:15:00', '16:15:00', NULL, NULL, NULL, 0, '2025-12-08 11:20:21', '2025-12-08 11:20:21'),
(207, 3, 100010, 5, '2025-12-15', NULL, 1, '07:30:00', '08:30:00', NULL, NULL, NULL, 0, '2025-12-08 11:24:13', '2025-12-08 11:24:13'),
(208, 3, 100020, 9, '2025-12-15', NULL, 2, '08:30:00', '09:30:00', NULL, NULL, NULL, 0, '2025-12-08 11:24:13', '2025-12-08 11:24:13'),
(209, 3, 100020, 4, '2025-12-15', NULL, 4, '09:45:00', '10:45:00', NULL, NULL, NULL, 0, '2025-12-08 11:24:13', '2025-12-08 11:24:13'),
(210, 3, 100017, 7, '2025-12-15', NULL, 5, '10:45:00', '11:45:00', NULL, NULL, NULL, 0, '2025-12-08 11:24:13', '2025-12-08 11:24:13'),
(211, 3, 100010, 3, '2025-12-15', NULL, 7, '13:00:00', '14:00:00', NULL, NULL, NULL, 0, '2025-12-08 11:24:13', '2025-12-08 11:24:13'),
(212, 3, 100016, 2, '2025-12-15', NULL, 8, '14:00:00', '15:00:00', NULL, NULL, NULL, 0, '2025-12-08 11:24:13', '2025-12-08 11:24:13'),
(213, 3, 100010, 5, '2025-12-16', NULL, 1, '07:30:00', '08:30:00', NULL, NULL, NULL, 0, '2025-12-08 11:24:13', '2025-12-08 11:24:13'),
(214, 3, 100016, 2, '2025-12-16', NULL, 2, '08:30:00', '09:30:00', NULL, NULL, NULL, 0, '2025-12-08 11:24:13', '2025-12-08 11:24:13'),
(215, 3, 100010, 3, '2025-12-16', NULL, 4, '09:45:00', '10:45:00', NULL, NULL, NULL, 0, '2025-12-08 11:24:13', '2025-12-08 11:24:13'),
(216, 3, 100017, 7, '2025-12-16', NULL, 5, '10:45:00', '11:45:00', NULL, NULL, NULL, 0, '2025-12-08 11:24:13', '2025-12-08 11:24:13'),
(217, 3, 100020, 9, '2025-12-16', NULL, 7, '13:00:00', '14:00:00', NULL, NULL, NULL, 0, '2025-12-08 11:24:13', '2025-12-08 11:24:13'),
(218, 3, 100017, 6, '2025-12-16', NULL, 8, '14:00:00', '15:00:00', NULL, NULL, NULL, 0, '2025-12-08 11:24:13', '2025-12-08 11:24:13'),
(219, 3, 100020, 4, '2025-12-16', NULL, 10, '15:15:00', '16:15:00', NULL, NULL, NULL, 0, '2025-12-08 11:24:13', '2025-12-08 11:24:13'),
(220, 3, 100020, 9, '2025-12-17', NULL, 1, '07:30:00', '08:30:00', NULL, NULL, NULL, 0, '2025-12-08 11:24:13', '2025-12-08 11:24:13'),
(221, 3, 100017, 7, '2025-12-17', NULL, 2, '08:30:00', '09:30:00', NULL, NULL, NULL, 0, '2025-12-08 11:24:13', '2025-12-08 11:24:13'),
(222, 3, 100010, 5, '2025-12-17', NULL, 4, '09:45:00', '10:45:00', NULL, NULL, NULL, 0, '2025-12-08 11:24:13', '2025-12-08 11:24:13'),
(223, 3, 100016, 2, '2025-12-17', NULL, 5, '10:45:00', '11:45:00', NULL, NULL, NULL, 0, '2025-12-08 11:24:13', '2025-12-08 11:24:13'),
(224, 3, 100017, 6, '2025-12-17', NULL, 7, '13:00:00', '14:00:00', NULL, NULL, NULL, 0, '2025-12-08 11:24:13', '2025-12-08 11:24:13'),
(225, 3, 100010, 3, '2025-12-17', NULL, 8, '14:00:00', '15:00:00', NULL, NULL, NULL, 0, '2025-12-08 11:24:13', '2025-12-08 11:24:13'),
(226, 3, 100020, 4, '2025-12-17', NULL, 10, '15:15:00', '16:15:00', NULL, NULL, NULL, 0, '2025-12-08 11:24:13', '2025-12-08 11:24:13'),
(227, 3, 100020, 4, '2025-12-18', NULL, 1, '07:30:00', '08:30:00', NULL, NULL, NULL, 0, '2025-12-08 11:24:13', '2025-12-08 11:24:13'),
(228, 3, 100016, 2, '2025-12-18', NULL, 2, '08:30:00', '09:30:00', NULL, NULL, NULL, 0, '2025-12-08 11:24:13', '2025-12-08 11:24:13'),
(229, 3, 100010, 3, '2025-12-18', NULL, 4, '09:45:00', '10:45:00', NULL, NULL, NULL, 0, '2025-12-08 11:24:13', '2025-12-08 11:24:13'),
(230, 3, 100020, 9, '2025-12-18', NULL, 5, '10:45:00', '11:45:00', NULL, NULL, NULL, 0, '2025-12-08 11:24:13', '2025-12-08 11:24:13'),
(231, 3, 100010, 5, '2025-12-18', NULL, 7, '13:00:00', '14:00:00', NULL, NULL, NULL, 0, '2025-12-08 11:24:13', '2025-12-08 11:24:13'),
(232, 3, 100017, 7, '2025-12-18', NULL, 8, '14:00:00', '15:00:00', NULL, NULL, NULL, 0, '2025-12-08 11:24:13', '2025-12-08 11:24:13'),
(233, 3, 100017, 6, '2025-12-18', NULL, 10, '15:15:00', '16:15:00', NULL, NULL, NULL, 0, '2025-12-08 11:24:13', '2025-12-08 11:24:13'),
(234, 3, 100010, 3, '2025-12-19', NULL, 1, '07:30:00', '08:30:00', NULL, NULL, NULL, 0, '2025-12-08 11:24:13', '2025-12-08 11:24:13'),
(235, 3, 100020, 9, '2025-12-19', NULL, 2, '08:30:00', '09:30:00', NULL, NULL, NULL, 0, '2025-12-08 11:24:13', '2025-12-08 11:24:13'),
(236, 3, 100017, 6, '2025-12-19', NULL, 4, '09:45:00', '10:45:00', NULL, NULL, NULL, 0, '2025-12-08 11:24:13', '2025-12-08 11:24:13'),
(237, 3, 100020, 4, '2025-12-19', NULL, 5, '10:45:00', '11:45:00', NULL, NULL, NULL, 0, '2025-12-08 11:24:13', '2025-12-08 11:24:13'),
(238, 3, 100016, 2, '2025-12-19', NULL, 7, '13:00:00', '14:00:00', NULL, NULL, NULL, 0, '2025-12-08 11:24:13', '2025-12-08 11:24:13'),
(239, 3, 100017, 7, '2025-12-19', NULL, 8, '14:00:00', '15:00:00', NULL, NULL, NULL, 0, '2025-12-08 11:24:13', '2025-12-08 11:24:13'),
(240, 3, 100010, 5, '2025-12-19', NULL, 10, '15:15:00', '16:15:00', NULL, NULL, NULL, 0, '2025-12-08 11:24:13', '2025-12-08 11:24:13'),
(241, 3, 100016, 2, '2025-12-22', NULL, 1, '07:30:00', '08:30:00', NULL, NULL, NULL, 0, '2025-12-08 11:24:13', '2025-12-08 11:24:13'),
(242, 3, 100010, 3, '2025-12-22', NULL, 2, '08:30:00', '09:30:00', NULL, NULL, NULL, 0, '2025-12-08 11:24:13', '2025-12-08 11:24:13'),
(243, 3, 100010, 5, '2025-12-22', NULL, 4, '09:45:00', '10:45:00', NULL, NULL, NULL, 0, '2025-12-08 11:24:13', '2025-12-08 11:24:13'),
(244, 3, 100020, 4, '2025-12-22', NULL, 5, '10:45:00', '11:45:00', NULL, NULL, NULL, 0, '2025-12-08 11:24:13', '2025-12-08 11:24:13'),
(245, 3, 100017, 6, '2025-12-22', NULL, 7, '13:00:00', '14:00:00', NULL, NULL, NULL, 0, '2025-12-08 11:24:13', '2025-12-08 11:24:13'),
(246, 3, 100017, 7, '2025-12-22', NULL, 8, '14:00:00', '15:00:00', NULL, NULL, NULL, 0, '2025-12-08 11:24:13', '2025-12-08 11:24:13'),
(247, 3, 100016, 2, '2025-12-23', NULL, 1, '07:30:00', '08:30:00', NULL, NULL, NULL, 0, '2025-12-08 11:24:13', '2025-12-08 11:24:13'),
(248, 3, 100017, 7, '2025-12-23', NULL, 2, '08:30:00', '09:30:00', NULL, NULL, NULL, 0, '2025-12-08 11:24:13', '2025-12-08 11:24:13'),
(249, 3, 100010, 5, '2025-12-23', NULL, 4, '09:45:00', '10:45:00', NULL, NULL, NULL, 0, '2025-12-08 11:24:13', '2025-12-08 11:24:13'),
(250, 3, 100017, 6, '2025-12-23', NULL, 5, '10:45:00', '11:45:00', NULL, NULL, NULL, 0, '2025-12-08 11:24:13', '2025-12-08 11:24:13'),
(251, 3, 100020, 9, '2025-12-23', NULL, 7, '13:00:00', '14:00:00', NULL, NULL, NULL, 0, '2025-12-08 11:24:13', '2025-12-08 11:24:13'),
(252, 3, 100010, 3, '2025-12-23', NULL, 8, '14:00:00', '15:00:00', NULL, NULL, NULL, 0, '2025-12-08 11:24:13', '2025-12-08 11:24:13'),
(253, 3, 100020, 4, '2025-12-23', NULL, 10, '15:15:00', '16:15:00', NULL, NULL, NULL, 0, '2025-12-08 11:24:13', '2025-12-08 11:24:13'),
(254, 3, 100010, 3, '2025-12-24', NULL, 1, '07:30:00', '08:30:00', NULL, NULL, NULL, 0, '2025-12-08 11:24:13', '2025-12-08 11:24:13'),
(255, 3, 100017, 7, '2025-12-24', NULL, 2, '08:30:00', '09:30:00', NULL, NULL, NULL, 0, '2025-12-08 11:24:13', '2025-12-08 11:24:13'),
(256, 3, 100020, 9, '2025-12-24', NULL, 4, '09:45:00', '10:45:00', NULL, NULL, NULL, 0, '2025-12-08 11:24:13', '2025-12-08 11:24:13'),
(257, 3, 100010, 5, '2025-12-24', NULL, 5, '10:45:00', '11:45:00', NULL, NULL, NULL, 0, '2025-12-08 11:24:13', '2025-12-08 11:24:13'),
(258, 3, 100016, 2, '2025-12-24', NULL, 7, '13:00:00', '14:00:00', NULL, NULL, NULL, 0, '2025-12-08 11:24:13', '2025-12-08 11:24:13'),
(259, 3, 100020, 4, '2025-12-24', NULL, 8, '14:00:00', '15:00:00', NULL, NULL, NULL, 0, '2025-12-08 11:24:13', '2025-12-08 11:24:13'),
(260, 3, 100017, 6, '2025-12-24', NULL, 10, '15:15:00', '16:15:00', NULL, NULL, NULL, 0, '2025-12-08 11:24:13', '2025-12-08 11:24:13'),
(261, 3, 100020, 4, '2025-12-25', NULL, 1, '07:30:00', '08:30:00', NULL, NULL, NULL, 0, '2025-12-08 11:24:13', '2025-12-08 11:24:13'),
(262, 3, 100020, 9, '2025-12-25', NULL, 2, '08:30:00', '09:30:00', NULL, NULL, NULL, 0, '2025-12-08 11:24:13', '2025-12-08 11:24:13'),
(263, 3, 100017, 7, '2025-12-25', NULL, 4, '09:45:00', '10:45:00', NULL, NULL, NULL, 0, '2025-12-08 11:24:13', '2025-12-08 11:24:13'),
(264, 3, 100010, 5, '2025-12-25', NULL, 5, '10:45:00', '11:45:00', NULL, NULL, NULL, 0, '2025-12-08 11:24:13', '2025-12-08 11:24:13'),
(265, 3, 100016, 2, '2025-12-25', NULL, 7, '13:00:00', '14:00:00', NULL, NULL, NULL, 0, '2025-12-08 11:24:13', '2025-12-08 11:24:13'),
(266, 3, 100017, 6, '2025-12-25', NULL, 8, '14:00:00', '15:00:00', NULL, NULL, NULL, 0, '2025-12-08 11:24:13', '2025-12-08 11:24:13'),
(267, 3, 100010, 3, '2025-12-25', NULL, 10, '15:15:00', '16:15:00', NULL, NULL, NULL, 0, '2025-12-08 11:24:13', '2025-12-08 11:24:13'),
(268, 3, 100020, 9, '2025-12-26', NULL, 1, '07:30:00', '08:30:00', NULL, NULL, NULL, 0, '2025-12-08 11:24:13', '2025-12-08 11:24:13'),
(269, 3, 100016, 2, '2025-12-26', NULL, 2, '08:30:00', '09:30:00', NULL, NULL, NULL, 0, '2025-12-08 11:24:13', '2025-12-08 11:24:13'),
(270, 3, 100020, 4, '2025-12-26', NULL, 4, '09:45:00', '10:45:00', NULL, NULL, NULL, 0, '2025-12-08 11:24:13', '2025-12-08 11:24:13'),
(271, 3, 100017, 7, '2025-12-26', NULL, 5, '10:45:00', '11:45:00', NULL, NULL, NULL, 0, '2025-12-08 11:24:13', '2025-12-08 11:24:13'),
(272, 3, 100010, 5, '2025-12-26', NULL, 7, '13:00:00', '14:00:00', NULL, NULL, NULL, 0, '2025-12-08 11:24:13', '2025-12-08 11:24:13'),
(273, 3, 100017, 6, '2025-12-26', NULL, 8, '14:00:00', '15:00:00', NULL, NULL, NULL, 0, '2025-12-08 11:24:13', '2025-12-08 11:24:13'),
(274, 3, 100010, 3, '2025-12-26', NULL, 10, '15:15:00', '16:15:00', NULL, NULL, NULL, 0, '2025-12-08 11:24:13', '2025-12-08 11:24:13'),
(275, 3, 100020, 4, '2025-12-29', NULL, 1, '07:30:00', '08:30:00', NULL, NULL, NULL, 0, '2025-12-08 11:24:13', '2025-12-08 11:24:13'),
(276, 3, 100010, 5, '2025-12-29', NULL, 2, '08:30:00', '09:30:00', NULL, NULL, NULL, 0, '2025-12-08 11:24:13', '2025-12-08 11:24:13'),
(277, 3, 100010, 3, '2025-12-29', NULL, 4, '09:45:00', '10:45:00', NULL, NULL, NULL, 0, '2025-12-08 11:24:13', '2025-12-08 11:24:13'),
(278, 3, 100016, 2, '2025-12-29', NULL, 5, '10:45:00', '11:45:00', NULL, NULL, NULL, 0, '2025-12-08 11:24:13', '2025-12-08 11:24:13'),
(279, 3, 100017, 7, '2025-12-29', NULL, 7, '13:00:00', '14:00:00', NULL, NULL, NULL, 0, '2025-12-08 11:24:13', '2025-12-08 11:24:13'),
(280, 3, 100017, 6, '2025-12-29', NULL, 8, '14:00:00', '15:00:00', NULL, NULL, NULL, 0, '2025-12-08 11:24:13', '2025-12-08 11:24:13'),
(281, 3, 100020, 9, '2025-12-29', NULL, 10, '15:15:00', '16:15:00', NULL, NULL, NULL, 0, '2025-12-08 11:24:13', '2025-12-08 11:24:13'),
(282, 3, 100020, 4, '2025-12-30', NULL, 1, '07:30:00', '08:30:00', NULL, NULL, NULL, 0, '2025-12-08 11:24:13', '2025-12-08 11:24:13'),
(283, 3, 100010, 3, '2025-12-30', NULL, 2, '08:30:00', '09:30:00', NULL, NULL, NULL, 0, '2025-12-08 11:24:13', '2025-12-08 11:24:13'),
(284, 3, 100017, 7, '2025-12-30', NULL, 4, '09:45:00', '10:45:00', NULL, NULL, NULL, 0, '2025-12-08 11:24:13', '2025-12-08 11:24:13'),
(285, 3, 100020, 9, '2025-12-30', NULL, 5, '10:45:00', '11:45:00', NULL, NULL, NULL, 0, '2025-12-08 11:24:13', '2025-12-08 11:24:13'),
(286, 3, 100010, 5, '2025-12-30', NULL, 7, '13:00:00', '14:00:00', NULL, NULL, NULL, 0, '2025-12-08 11:24:13', '2025-12-08 11:24:13'),
(287, 3, 100016, 2, '2025-12-30', NULL, 8, '14:00:00', '15:00:00', NULL, NULL, NULL, 0, '2025-12-08 11:24:13', '2025-12-08 11:24:13'),
(288, 3, 100017, 6, '2025-12-30', NULL, 10, '15:15:00', '16:15:00', NULL, NULL, NULL, 0, '2025-12-08 11:24:13', '2025-12-08 11:24:13'),
(289, 3, 100016, 2, '2025-12-31', NULL, 1, '07:30:00', '08:30:00', NULL, NULL, NULL, 0, '2025-12-08 11:24:13', '2025-12-08 11:24:13'),
(290, 3, 100017, 7, '2025-12-31', NULL, 2, '08:30:00', '09:30:00', NULL, NULL, NULL, 0, '2025-12-08 11:24:13', '2025-12-08 11:24:13'),
(291, 3, 100020, 9, '2025-12-31', NULL, 4, '09:45:00', '10:45:00', NULL, NULL, NULL, 0, '2025-12-08 11:24:13', '2025-12-08 11:24:13'),
(292, 3, 100010, 5, '2025-12-31', NULL, 5, '10:45:00', '11:45:00', NULL, NULL, NULL, 0, '2025-12-08 11:24:13', '2025-12-08 11:24:13'),
(293, 3, 100017, 6, '2025-12-31', NULL, 7, '13:00:00', '14:00:00', NULL, NULL, NULL, 0, '2025-12-08 11:24:13', '2025-12-08 11:24:13'),
(294, 3, 100010, 3, '2025-12-31', NULL, 8, '14:00:00', '15:00:00', NULL, NULL, NULL, 0, '2025-12-08 11:24:13', '2025-12-08 11:24:13'),
(295, 3, 100020, 4, '2025-12-31', NULL, 10, '15:15:00', '16:15:00', NULL, NULL, NULL, 0, '2025-12-08 11:24:13', '2025-12-08 11:24:13'),
(296, 3, 100010, 5, '2026-01-01', NULL, 1, '07:30:00', '08:30:00', NULL, NULL, NULL, 0, '2025-12-08 11:24:13', '2025-12-08 11:24:13'),
(297, 3, 100016, 2, '2026-01-01', NULL, 2, '08:30:00', '09:30:00', NULL, NULL, NULL, 0, '2025-12-08 11:24:13', '2025-12-08 11:24:13'),
(298, 3, 100017, 6, '2026-01-01', NULL, 4, '09:45:00', '10:45:00', NULL, NULL, NULL, 0, '2025-12-08 11:24:13', '2025-12-08 11:24:13'),
(299, 3, 100010, 3, '2026-01-01', NULL, 5, '10:45:00', '11:45:00', NULL, NULL, NULL, 0, '2025-12-08 11:24:13', '2025-12-08 11:24:13'),
(300, 3, 100020, 4, '2026-01-01', NULL, 7, '13:00:00', '14:00:00', NULL, NULL, NULL, 0, '2025-12-08 11:24:13', '2025-12-08 11:24:13'),
(301, 3, 100020, 9, '2026-01-01', NULL, 8, '14:00:00', '15:00:00', NULL, NULL, NULL, 0, '2025-12-08 11:24:13', '2025-12-08 11:24:13'),
(302, 3, 100017, 7, '2026-01-01', NULL, 10, '15:15:00', '16:15:00', NULL, NULL, NULL, 0, '2025-12-08 11:24:13', '2025-12-08 11:24:13'),
(303, 3, 100010, 3, '2026-01-02', NULL, 1, '07:30:00', '08:30:00', NULL, NULL, NULL, 0, '2025-12-08 11:24:13', '2025-12-08 11:24:13'),
(304, 3, 100016, 2, '2026-01-02', NULL, 2, '08:30:00', '09:30:00', NULL, NULL, NULL, 0, '2025-12-08 11:24:13', '2025-12-08 11:24:13'),
(305, 3, 100010, 5, '2026-01-02', NULL, 4, '09:45:00', '10:45:00', NULL, NULL, NULL, 0, '2025-12-08 11:24:13', '2025-12-08 11:24:13'),
(306, 3, 100017, 7, '2026-01-02', NULL, 5, '10:45:00', '11:45:00', NULL, NULL, NULL, 0, '2025-12-08 11:24:13', '2025-12-08 11:24:13'),
(307, 3, 100020, 4, '2026-01-02', NULL, 7, '13:00:00', '14:00:00', NULL, NULL, NULL, 0, '2025-12-08 11:24:13', '2025-12-08 11:24:13'),
(308, 3, 100020, 9, '2026-01-02', NULL, 8, '14:00:00', '15:00:00', NULL, NULL, NULL, 0, '2025-12-08 11:24:13', '2025-12-08 11:24:13'),
(309, 3, 100017, 6, '2026-01-02', NULL, 10, '15:15:00', '16:15:00', NULL, NULL, NULL, 0, '2025-12-08 11:24:13', '2025-12-08 11:24:13'),
(310, 3, 100020, 9, '2026-01-05', NULL, 1, '07:30:00', '08:30:00', NULL, NULL, NULL, 0, '2025-12-08 11:24:13', '2025-12-08 11:24:13'),
(311, 3, 100010, 3, '2026-01-05', NULL, 2, '08:30:00', '09:30:00', NULL, NULL, NULL, 0, '2025-12-08 11:24:13', '2025-12-08 11:24:13'),
(312, 3, 100016, 2, '2026-01-05', NULL, 4, '09:45:00', '10:45:00', NULL, NULL, NULL, 0, '2025-12-08 11:24:13', '2025-12-08 11:24:13'),
(313, 3, 100017, 6, '2026-01-05', NULL, 5, '10:45:00', '11:45:00', NULL, NULL, NULL, 0, '2025-12-08 11:24:13', '2025-12-08 11:24:13'),
(314, 3, 100010, 5, '2026-01-05', NULL, 7, '13:00:00', '14:00:00', NULL, NULL, NULL, 0, '2025-12-08 11:24:13', '2025-12-08 11:24:13'),
(315, 3, 100017, 7, '2026-01-05', NULL, 8, '14:00:00', '15:00:00', NULL, NULL, NULL, 0, '2025-12-08 11:24:13', '2025-12-08 11:24:13'),
(316, 3, 100020, 4, '2026-01-05', NULL, 10, '15:15:00', '16:15:00', NULL, NULL, NULL, 0, '2025-12-08 11:24:13', '2025-12-08 11:24:13'),
(317, 3, 100017, 6, '2026-01-06', NULL, 1, '07:30:00', '08:30:00', NULL, NULL, NULL, 0, '2025-12-08 11:24:13', '2025-12-08 11:24:13'),
(318, 3, 100010, 3, '2026-01-06', NULL, 2, '08:30:00', '09:30:00', NULL, NULL, NULL, 0, '2025-12-08 11:24:13', '2025-12-08 11:24:13'),
(319, 3, 100017, 7, '2026-01-06', NULL, 4, '09:45:00', '10:45:00', NULL, NULL, NULL, 0, '2025-12-08 11:24:13', '2025-12-08 11:24:13'),
(320, 3, 100016, 2, '2026-01-06', NULL, 5, '10:45:00', '11:45:00', NULL, NULL, NULL, 0, '2025-12-08 11:24:13', '2025-12-08 11:24:13'),
(321, 3, 100010, 5, '2026-01-06', NULL, 7, '13:00:00', '14:00:00', NULL, NULL, NULL, 0, '2025-12-08 11:24:13', '2025-12-08 11:24:13'),
(322, 3, 100020, 9, '2026-01-06', NULL, 8, '14:00:00', '15:00:00', NULL, NULL, NULL, 0, '2025-12-08 11:24:13', '2025-12-08 11:24:13'),
(323, 3, 100020, 4, '2026-01-06', NULL, 10, '15:15:00', '16:15:00', NULL, NULL, NULL, 0, '2025-12-08 11:24:13', '2025-12-08 11:24:13'),
(324, 3, 100016, 2, '2026-01-07', NULL, 1, '07:30:00', '08:30:00', NULL, NULL, NULL, 0, '2025-12-08 11:24:13', '2025-12-08 11:24:13'),
(325, 3, 100017, 7, '2026-01-07', NULL, 2, '08:30:00', '09:30:00', NULL, NULL, NULL, 0, '2025-12-08 11:24:13', '2025-12-08 11:24:13'),
(326, 3, 100010, 3, '2026-01-07', NULL, 4, '09:45:00', '10:45:00', NULL, NULL, NULL, 0, '2025-12-08 11:24:13', '2025-12-08 11:24:13'),
(327, 3, 100020, 4, '2026-01-07', NULL, 5, '10:45:00', '11:45:00', NULL, NULL, NULL, 0, '2025-12-08 11:24:13', '2025-12-08 11:24:13'),
(328, 3, 100010, 5, '2026-01-07', NULL, 7, '13:00:00', '14:00:00', NULL, NULL, NULL, 0, '2025-12-08 11:24:13', '2025-12-08 11:24:13'),
(329, 3, 100020, 9, '2026-01-07', NULL, 8, '14:00:00', '15:00:00', NULL, NULL, NULL, 0, '2025-12-08 11:24:13', '2025-12-08 11:24:13'),
(330, 3, 100017, 6, '2026-01-07', NULL, 10, '15:15:00', '16:15:00', NULL, NULL, NULL, 0, '2025-12-08 11:24:13', '2025-12-08 11:24:13'),
(331, 3, 100017, 6, '2026-01-08', NULL, 1, '07:30:00', '08:30:00', NULL, NULL, NULL, 0, '2025-12-08 11:24:13', '2025-12-08 11:24:13'),
(332, 3, 100020, 9, '2026-01-08', NULL, 2, '08:30:00', '09:30:00', NULL, NULL, NULL, 0, '2025-12-08 11:24:13', '2025-12-08 11:24:13'),
(333, 3, 100010, 3, '2026-01-08', NULL, 4, '09:45:00', '10:45:00', NULL, NULL, NULL, 0, '2025-12-08 11:24:13', '2025-12-08 11:24:13'),
(334, 3, 100017, 7, '2026-01-08', NULL, 5, '10:45:00', '11:45:00', NULL, NULL, NULL, 0, '2025-12-08 11:24:13', '2025-12-08 11:24:13'),
(335, 3, 100020, 4, '2026-01-08', NULL, 7, '13:00:00', '14:00:00', NULL, NULL, NULL, 0, '2025-12-08 11:24:13', '2025-12-08 11:24:13'),
(336, 3, 100010, 5, '2026-01-08', NULL, 8, '14:00:00', '15:00:00', NULL, NULL, NULL, 0, '2025-12-08 11:24:13', '2025-12-08 11:24:13'),
(337, 3, 100016, 2, '2026-01-08', NULL, 10, '15:15:00', '16:15:00', NULL, NULL, NULL, 0, '2025-12-08 11:24:13', '2025-12-08 11:24:13'),
(372, 2, 100019, 6, '2025-12-15', NULL, 1, '07:30:00', '08:30:00', NULL, NULL, NULL, 0, '2025-12-08 12:08:46', '2025-12-08 12:08:46'),
(373, 2, 100008, 10, '2025-12-15', NULL, 2, '08:30:00', '09:30:00', NULL, NULL, NULL, 0, '2025-12-08 12:08:46', '2025-12-08 12:08:46'),
(374, 2, 100009, 3, '2025-12-15', NULL, 4, '09:45:00', '10:45:00', NULL, NULL, NULL, 0, '2025-12-08 12:08:46', '2025-12-08 12:08:46'),
(375, 2, 100012, 5, '2025-12-15', NULL, 5, '10:45:00', '11:45:00', NULL, NULL, NULL, 0, '2025-12-08 12:08:46', '2025-12-08 12:08:46'),
(376, 2, 100017, 7, '2025-12-15', NULL, 7, '13:00:00', '14:00:00', NULL, NULL, NULL, 0, '2025-12-08 12:08:46', '2025-12-08 12:08:46'),
(377, 2, 100014, 8, '2025-12-15', NULL, 8, '14:00:00', '15:00:00', NULL, NULL, NULL, 0, '2025-12-08 12:08:46', '2025-12-08 12:08:46'),
(378, 2, 100020, 4, '2025-12-15', NULL, 10, '15:15:00', '16:15:00', NULL, NULL, NULL, 0, '2025-12-08 12:08:46', '2025-12-08 12:08:46'),
(379, 2, 100014, 8, '2025-12-16', NULL, 1, '07:30:00', '08:30:00', NULL, NULL, NULL, 0, '2025-12-08 12:08:46', '2025-12-08 12:08:46'),
(380, 2, 100019, 6, '2025-12-16', NULL, 2, '08:30:00', '09:30:00', NULL, NULL, NULL, 0, '2025-12-08 12:08:46', '2025-12-08 12:08:46'),
(381, 2, 100009, 3, '2025-12-16', NULL, 4, '09:45:00', '10:45:00', NULL, NULL, NULL, 0, '2025-12-08 12:08:46', '2025-12-08 12:08:46'),
(382, 2, 100012, 5, '2025-12-16', NULL, 5, '10:45:00', '11:45:00', NULL, NULL, NULL, 0, '2025-12-08 12:08:46', '2025-12-08 12:08:46'),
(383, 2, 100017, 7, '2025-12-16', NULL, 7, '13:00:00', '14:00:00', NULL, NULL, NULL, 0, '2025-12-08 12:08:46', '2025-12-08 12:08:46'),
(384, 2, 100008, 10, '2025-12-16', NULL, 8, '14:00:00', '15:00:00', NULL, NULL, NULL, 0, '2025-12-08 12:08:46', '2025-12-08 12:08:46'),
(385, 2, 100019, 6, '2025-12-17', NULL, 1, '07:30:00', '08:30:00', NULL, NULL, NULL, 0, '2025-12-08 12:08:46', '2025-12-08 12:08:46'),
(386, 2, 100020, 4, '2025-12-17', NULL, 2, '08:30:00', '09:30:00', NULL, NULL, NULL, 0, '2025-12-08 12:08:46', '2025-12-08 12:08:46'),
(387, 2, 100014, 8, '2025-12-17', NULL, 4, '09:45:00', '10:45:00', NULL, NULL, NULL, 0, '2025-12-08 12:08:46', '2025-12-08 12:08:46'),
(388, 2, 100017, 7, '2025-12-17', NULL, 5, '10:45:00', '11:45:00', NULL, NULL, NULL, 0, '2025-12-08 12:08:46', '2025-12-08 12:08:46'),
(389, 2, 100008, 10, '2025-12-17', NULL, 7, '13:00:00', '14:00:00', NULL, NULL, NULL, 0, '2025-12-08 12:08:46', '2025-12-08 12:08:46'),
(390, 2, 100009, 3, '2025-12-17', NULL, 8, '14:00:00', '15:00:00', NULL, NULL, NULL, 0, '2025-12-08 12:08:46', '2025-12-08 12:08:46'),
(391, 2, 100012, 5, '2025-12-17', NULL, 10, '15:15:00', '16:15:00', NULL, NULL, NULL, 0, '2025-12-08 12:08:46', '2025-12-08 12:08:46'),
(392, 2, 100019, 6, '2025-12-18', NULL, 1, '07:30:00', '08:30:00', NULL, NULL, NULL, 0, '2025-12-08 12:08:46', '2025-12-08 12:08:46'),
(393, 2, 100020, 4, '2025-12-18', NULL, 2, '08:30:00', '09:30:00', NULL, NULL, NULL, 0, '2025-12-08 12:08:46', '2025-12-08 12:08:46'),
(394, 2, 100017, 7, '2025-12-18', NULL, 4, '09:45:00', '10:45:00', NULL, NULL, NULL, 0, '2025-12-08 12:08:46', '2025-12-08 12:08:46'),
(395, 2, 100012, 5, '2025-12-18', NULL, 5, '10:45:00', '11:45:00', NULL, NULL, NULL, 0, '2025-12-08 12:08:46', '2025-12-08 12:08:46'),
(396, 2, 100009, 3, '2025-12-18', NULL, 7, '13:00:00', '14:00:00', NULL, NULL, NULL, 0, '2025-12-08 12:08:46', '2025-12-08 12:08:46'),
(397, 2, 100014, 8, '2025-12-18', NULL, 8, '14:00:00', '15:00:00', NULL, NULL, NULL, 0, '2025-12-08 12:08:46', '2025-12-08 12:08:46'),
(398, 2, 100008, 10, '2025-12-18', NULL, 10, '15:15:00', '16:15:00', NULL, NULL, NULL, 0, '2025-12-08 12:08:46', '2025-12-08 12:08:46'),
(399, 2, 100008, 10, '2025-12-19', NULL, 1, '07:30:00', '08:30:00', NULL, NULL, NULL, 0, '2025-12-08 12:08:46', '2025-12-08 12:08:46'),
(400, 2, 100009, 3, '2025-12-19', NULL, 2, '08:30:00', '09:30:00', NULL, NULL, NULL, 0, '2025-12-08 12:08:46', '2025-12-08 12:08:46'),
(401, 2, 100019, 6, '2025-12-19', NULL, 4, '09:45:00', '10:45:00', NULL, NULL, NULL, 0, '2025-12-08 12:08:46', '2025-12-08 12:08:46'),
(402, 2, 100017, 7, '2025-12-19', NULL, 5, '10:45:00', '11:45:00', NULL, NULL, NULL, 0, '2025-12-08 12:08:46', '2025-12-08 12:08:46'),
(403, 2, 100014, 8, '2025-12-19', NULL, 7, '13:00:00', '14:00:00', NULL, NULL, NULL, 0, '2025-12-08 12:08:46', '2025-12-08 12:08:46'),
(404, 2, 100020, 4, '2025-12-19', NULL, 8, '14:00:00', '15:00:00', NULL, NULL, NULL, 0, '2025-12-08 12:08:46', '2025-12-08 12:08:46'),
(405, 2, 100012, 5, '2025-12-19', NULL, 10, '15:15:00', '16:15:00', NULL, NULL, NULL, 0, '2025-12-08 12:08:46', '2025-12-08 12:08:46'),
(406, 2, 100019, 6, '2025-12-22', NULL, 1, '07:30:00', '08:30:00', NULL, NULL, NULL, 0, '2025-12-08 12:08:46', '2025-12-08 12:08:46'),
(407, 2, 100009, 3, '2025-12-22', NULL, 2, '08:30:00', '09:30:00', NULL, NULL, NULL, 0, '2025-12-08 12:08:46', '2025-12-08 12:08:46'),
(408, 2, 100008, 10, '2025-12-22', NULL, 4, '09:45:00', '10:45:00', NULL, NULL, NULL, 0, '2025-12-08 12:08:47', '2025-12-08 12:08:47'),
(409, 2, 100014, 8, '2025-12-22', NULL, 5, '10:45:00', '11:45:00', NULL, NULL, NULL, 0, '2025-12-08 12:08:47', '2025-12-08 12:08:47'),
(410, 2, 100012, 5, '2025-12-22', NULL, 7, '13:00:00', '14:00:00', NULL, NULL, NULL, 0, '2025-12-08 12:08:47', '2025-12-08 12:08:47'),
(411, 2, 100017, 7, '2025-12-22', NULL, 10, '15:15:00', '16:15:00', NULL, NULL, NULL, 0, '2025-12-08 12:08:47', '2025-12-08 12:08:47'),
(412, 2, 100020, 4, '2025-12-23', NULL, 1, '07:30:00', '08:30:00', NULL, NULL, NULL, 0, '2025-12-08 12:08:47', '2025-12-08 12:08:47'),
(413, 2, 100009, 3, '2025-12-23', NULL, 2, '08:30:00', '09:30:00', NULL, NULL, NULL, 0, '2025-12-08 12:08:47', '2025-12-08 12:08:47'),
(414, 2, 100008, 10, '2025-12-23', NULL, 4, '09:45:00', '10:45:00', NULL, NULL, NULL, 0, '2025-12-08 12:08:47', '2025-12-08 12:08:47'),
(415, 2, 100019, 6, '2025-12-23', NULL, 5, '10:45:00', '11:45:00', NULL, NULL, NULL, 0, '2025-12-08 12:08:47', '2025-12-08 12:08:47'),
(416, 2, 100012, 5, '2025-12-23', NULL, 7, '13:00:00', '14:00:00', NULL, NULL, NULL, 0, '2025-12-08 12:08:47', '2025-12-08 12:08:47'),
(417, 2, 100014, 8, '2025-12-23', NULL, 8, '14:00:00', '15:00:00', NULL, NULL, NULL, 0, '2025-12-08 12:08:47', '2025-12-08 12:08:47'),
(418, 2, 100017, 7, '2025-12-23', NULL, 10, '15:15:00', '16:15:00', NULL, NULL, NULL, 0, '2025-12-08 12:08:47', '2025-12-08 12:08:47'),
(419, 2, 100014, 8, '2025-12-24', NULL, 1, '07:30:00', '08:30:00', NULL, NULL, NULL, 0, '2025-12-08 12:08:47', '2025-12-08 12:08:47'),
(420, 2, 100020, 4, '2025-12-24', NULL, 2, '08:30:00', '09:30:00', NULL, NULL, NULL, 0, '2025-12-08 12:08:47', '2025-12-08 12:08:47'),
(421, 2, 100012, 5, '2025-12-24', NULL, 4, '09:45:00', '10:45:00', NULL, NULL, NULL, 0, '2025-12-08 12:08:47', '2025-12-08 12:08:47'),
(422, 2, 100009, 3, '2025-12-24', NULL, 5, '10:45:00', '11:45:00', NULL, NULL, NULL, 0, '2025-12-08 12:08:47', '2025-12-08 12:08:47'),
(423, 2, 100008, 10, '2025-12-24', NULL, 7, '13:00:00', '14:00:00', NULL, NULL, NULL, 0, '2025-12-08 12:08:47', '2025-12-08 12:08:47'),
(424, 2, 100019, 6, '2025-12-24', NULL, 8, '14:00:00', '15:00:00', NULL, NULL, NULL, 0, '2025-12-08 12:08:47', '2025-12-08 12:08:47'),
(425, 2, 100014, 8, '2025-12-25', NULL, 1, '07:30:00', '08:30:00', NULL, NULL, NULL, 0, '2025-12-08 12:08:47', '2025-12-08 12:08:47'),
(426, 2, 100017, 7, '2025-12-25', NULL, 2, '08:30:00', '09:30:00', NULL, NULL, NULL, 0, '2025-12-08 12:08:47', '2025-12-08 12:08:47'),
(427, 2, 100012, 5, '2025-12-25', NULL, 4, '09:45:00', '10:45:00', NULL, NULL, NULL, 0, '2025-12-08 12:08:47', '2025-12-08 12:08:47'),
(428, 2, 100020, 4, '2025-12-25', NULL, 5, '10:45:00', '11:45:00', NULL, NULL, NULL, 0, '2025-12-08 12:08:47', '2025-12-08 12:08:47'),
(429, 2, 100019, 6, '2025-12-25', NULL, 7, '13:00:00', '14:00:00', NULL, NULL, NULL, 0, '2025-12-08 12:08:47', '2025-12-08 12:08:47'),
(430, 2, 100009, 3, '2025-12-25', NULL, 8, '14:00:00', '15:00:00', NULL, NULL, NULL, 0, '2025-12-08 12:08:47', '2025-12-08 12:08:47'),
(431, 2, 100008, 10, '2025-12-25', NULL, 10, '15:15:00', '16:15:00', NULL, NULL, NULL, 0, '2025-12-08 12:08:47', '2025-12-08 12:08:47'),
(432, 2, 100008, 10, '2025-12-26', NULL, 1, '07:30:00', '08:30:00', NULL, NULL, NULL, 0, '2025-12-08 12:08:47', '2025-12-08 12:08:47'),
(433, 2, 100019, 6, '2025-12-26', NULL, 2, '08:30:00', '09:30:00', NULL, NULL, NULL, 0, '2025-12-08 12:08:47', '2025-12-08 12:08:47'),
(434, 2, 100012, 5, '2025-12-26', NULL, 4, '09:45:00', '10:45:00', NULL, NULL, NULL, 0, '2025-12-08 12:08:47', '2025-12-08 12:08:47'),
(435, 2, 100014, 8, '2025-12-26', NULL, 5, '10:45:00', '11:45:00', NULL, NULL, NULL, 0, '2025-12-08 12:08:47', '2025-12-08 12:08:47'),
(436, 2, 100017, 7, '2025-12-26', NULL, 7, '13:00:00', '14:00:00', NULL, NULL, NULL, 0, '2025-12-08 12:08:47', '2025-12-08 12:08:47'),
(437, 2, 100020, 4, '2025-12-26', NULL, 8, '14:00:00', '15:00:00', NULL, NULL, NULL, 0, '2025-12-08 12:08:47', '2025-12-08 12:08:47'),
(438, 2, 100009, 3, '2025-12-26', NULL, 10, '15:15:00', '16:15:00', NULL, NULL, NULL, 0, '2025-12-08 12:08:47', '2025-12-08 12:08:47'),
(439, 2, 100012, 5, '2025-12-29', NULL, 1, '07:30:00', '08:30:00', NULL, NULL, NULL, 0, '2025-12-08 12:08:47', '2025-12-08 12:08:47'),
(440, 2, 100014, 8, '2025-12-29', NULL, 2, '08:30:00', '09:30:00', NULL, NULL, NULL, 0, '2025-12-08 12:08:47', '2025-12-08 12:08:47'),
(441, 2, 100008, 10, '2025-12-29', NULL, 4, '09:45:00', '10:45:00', NULL, NULL, NULL, 0, '2025-12-08 12:08:47', '2025-12-08 12:08:47'),
(442, 2, 100020, 4, '2025-12-29', NULL, 5, '10:45:00', '11:45:00', NULL, NULL, NULL, 0, '2025-12-08 12:08:47', '2025-12-08 12:08:47'),
(443, 2, 100009, 3, '2025-12-29', NULL, 7, '13:00:00', '14:00:00', NULL, NULL, NULL, 0, '2025-12-08 12:08:47', '2025-12-08 12:08:47'),
(444, 2, 100019, 6, '2025-12-29', NULL, 8, '14:00:00', '15:00:00', NULL, NULL, NULL, 0, '2025-12-08 12:08:47', '2025-12-08 12:08:47'),
(445, 2, 100017, 7, '2025-12-29', NULL, 10, '15:15:00', '16:15:00', NULL, NULL, NULL, 0, '2025-12-08 12:08:47', '2025-12-08 12:08:47'),
(446, 2, 100008, 10, '2025-12-30', NULL, 1, '07:30:00', '08:30:00', NULL, NULL, NULL, 0, '2025-12-08 12:08:47', '2025-12-08 12:08:47'),
(447, 2, 100017, 7, '2025-12-30', NULL, 2, '08:30:00', '09:30:00', NULL, NULL, NULL, 0, '2025-12-08 12:08:47', '2025-12-08 12:08:47'),
(448, 2, 100012, 5, '2025-12-30', NULL, 4, '09:45:00', '10:45:00', NULL, NULL, NULL, 0, '2025-12-08 12:08:47', '2025-12-08 12:08:47'),
(449, 2, 100009, 3, '2025-12-30', NULL, 5, '10:45:00', '11:45:00', NULL, NULL, NULL, 0, '2025-12-08 12:08:47', '2025-12-08 12:08:47'),
(450, 2, 100014, 8, '2025-12-30', NULL, 7, '13:00:00', '14:00:00', NULL, NULL, NULL, 0, '2025-12-08 12:08:47', '2025-12-08 12:08:47'),
(451, 2, 100020, 4, '2025-12-30', NULL, 8, '14:00:00', '15:00:00', NULL, NULL, NULL, 0, '2025-12-08 12:08:47', '2025-12-08 12:08:47'),
(452, 2, 100019, 6, '2025-12-30', NULL, 10, '15:15:00', '16:15:00', NULL, NULL, NULL, 0, '2025-12-08 12:08:47', '2025-12-08 12:08:47'),
(453, 2, 100009, 3, '2025-12-31', NULL, 1, '07:30:00', '08:30:00', NULL, NULL, NULL, 0, '2025-12-08 12:08:47', '2025-12-08 12:08:47'),
(454, 2, 100008, 10, '2025-12-31', NULL, 2, '08:30:00', '09:30:00', NULL, NULL, NULL, 0, '2025-12-08 12:08:47', '2025-12-08 12:08:47'),
(455, 2, 100014, 8, '2025-12-31', NULL, 4, '09:45:00', '10:45:00', NULL, NULL, NULL, 0, '2025-12-08 12:08:47', '2025-12-08 12:08:47'),
(456, 2, 100012, 5, '2025-12-31', NULL, 5, '10:45:00', '11:45:00', NULL, NULL, NULL, 0, '2025-12-08 12:08:47', '2025-12-08 12:08:47'),
(457, 2, 100019, 6, '2025-12-31', NULL, 7, '13:00:00', '14:00:00', NULL, NULL, NULL, 0, '2025-12-08 12:08:47', '2025-12-08 12:08:47'),
(458, 2, 100017, 7, '2025-12-31', NULL, 8, '14:00:00', '15:00:00', NULL, NULL, NULL, 0, '2025-12-08 12:08:47', '2025-12-08 12:08:47'),
(459, 2, 100019, 6, '2026-01-01', NULL, 1, '07:30:00', '08:30:00', NULL, NULL, NULL, 0, '2025-12-08 12:08:47', '2025-12-08 12:08:47'),
(460, 2, 100014, 8, '2026-01-01', NULL, 2, '08:30:00', '09:30:00', NULL, NULL, NULL, 0, '2025-12-08 12:08:47', '2025-12-08 12:08:47'),
(461, 2, 100020, 4, '2026-01-01', NULL, 4, '09:45:00', '10:45:00', NULL, NULL, NULL, 0, '2025-12-08 12:08:47', '2025-12-08 12:08:47'),
(462, 2, 100009, 3, '2026-01-01', NULL, 5, '10:45:00', '11:45:00', NULL, NULL, NULL, 0, '2025-12-08 12:08:47', '2025-12-08 12:08:47'),
(463, 2, 100008, 10, '2026-01-01', NULL, 7, '13:00:00', '14:00:00', NULL, NULL, NULL, 0, '2025-12-08 12:08:47', '2025-12-08 12:08:47'),
(464, 2, 100017, 7, '2026-01-01', NULL, 8, '14:00:00', '15:00:00', NULL, NULL, NULL, 0, '2025-12-08 12:08:47', '2025-12-08 12:08:47'),
(465, 2, 100012, 5, '2026-01-01', NULL, 10, '15:15:00', '16:15:00', NULL, NULL, NULL, 0, '2025-12-08 12:08:47', '2025-12-08 12:08:47'),
(466, 2, 100009, 3, '2026-01-02', NULL, 1, '07:30:00', '08:30:00', NULL, NULL, NULL, 0, '2025-12-08 12:08:47', '2025-12-08 12:08:47'),
(467, 2, 100020, 4, '2026-01-02', NULL, 2, '08:30:00', '09:30:00', NULL, NULL, NULL, 0, '2025-12-08 12:08:47', '2025-12-08 12:08:47'),
(468, 2, 100019, 6, '2026-01-02', NULL, 4, '09:45:00', '10:45:00', NULL, NULL, NULL, 0, '2025-12-08 12:08:47', '2025-12-08 12:08:47'),
(469, 2, 100008, 10, '2026-01-02', NULL, 5, '10:45:00', '11:45:00', NULL, NULL, NULL, 0, '2025-12-08 12:08:47', '2025-12-08 12:08:47'),
(470, 2, 100014, 8, '2026-01-02', NULL, 7, '13:00:00', '14:00:00', NULL, NULL, NULL, 0, '2025-12-08 12:08:47', '2025-12-08 12:08:47'),
(471, 2, 100017, 7, '2026-01-02', NULL, 8, '14:00:00', '15:00:00', NULL, NULL, NULL, 0, '2025-12-08 12:08:47', '2025-12-08 12:08:47'),
(472, 2, 100012, 5, '2026-01-02', NULL, 10, '15:15:00', '16:15:00', NULL, NULL, NULL, 0, '2025-12-08 12:08:47', '2025-12-08 12:08:47'),
(473, 2, 100008, 10, '2026-01-05', NULL, 1, '07:30:00', '08:30:00', NULL, NULL, NULL, 0, '2025-12-08 12:08:47', '2025-12-08 12:08:47'),
(474, 2, 100012, 5, '2026-01-05', NULL, 2, '08:30:00', '09:30:00', NULL, NULL, NULL, 0, '2025-12-08 12:08:47', '2025-12-08 12:08:47'),
(475, 2, 100009, 3, '2026-01-05', NULL, 4, '09:45:00', '10:45:00', NULL, NULL, NULL, 0, '2025-12-08 12:08:47', '2025-12-08 12:08:47'),
(476, 2, 100019, 6, '2026-01-05', NULL, 5, '10:45:00', '11:45:00', NULL, NULL, NULL, 0, '2025-12-08 12:08:47', '2025-12-08 12:08:47'),
(477, 2, 100014, 8, '2026-01-05', NULL, 7, '13:00:00', '14:00:00', NULL, NULL, NULL, 0, '2025-12-08 12:08:47', '2025-12-08 12:08:47'),
(478, 2, 100008, 10, '2026-01-06', NULL, 1, '07:30:00', '08:30:00', NULL, NULL, NULL, 0, '2025-12-08 12:08:47', '2025-12-08 12:08:47'),
(479, 2, 100014, 8, '2026-01-06', NULL, 2, '08:30:00', '09:30:00', NULL, NULL, NULL, 0, '2025-12-08 12:08:47', '2025-12-08 12:08:47'),
(480, 2, 100009, 3, '2026-01-06', NULL, 4, '09:45:00', '10:45:00', NULL, NULL, NULL, 0, '2025-12-08 12:08:47', '2025-12-08 12:08:47'),
(481, 2, 100012, 5, '2026-01-06', NULL, 5, '10:45:00', '11:45:00', NULL, NULL, NULL, 0, '2025-12-08 12:08:47', '2025-12-08 12:08:47'),
(482, 2, 100020, 4, '2026-01-06', NULL, 7, '13:00:00', '14:00:00', NULL, NULL, NULL, 0, '2025-12-08 12:08:47', '2025-12-08 12:08:47'),
(483, 2, 100017, 7, '2026-01-06', NULL, 8, '14:00:00', '15:00:00', NULL, NULL, NULL, 0, '2025-12-08 12:08:47', '2025-12-08 12:08:47'),
(484, 2, 100019, 6, '2026-01-06', NULL, 10, '15:15:00', '16:15:00', NULL, NULL, NULL, 0, '2025-12-08 12:08:47', '2025-12-08 12:08:47'),
(485, 2, 100014, 8, '2026-01-07', NULL, 1, '07:30:00', '08:30:00', NULL, NULL, NULL, 0, '2025-12-08 12:08:47', '2025-12-08 12:08:47'),
(486, 2, 100019, 6, '2026-01-07', NULL, 2, '08:30:00', '09:30:00', NULL, NULL, NULL, 0, '2025-12-08 12:08:47', '2025-12-08 12:08:47'),
(487, 2, 100017, 7, '2026-01-07', NULL, 4, '09:45:00', '10:45:00', NULL, NULL, NULL, 0, '2025-12-08 12:08:47', '2025-12-08 12:08:47'),
(488, 2, 100009, 3, '2026-01-07', NULL, 5, '10:45:00', '11:45:00', NULL, NULL, NULL, 0, '2025-12-08 12:08:47', '2025-12-08 12:08:47'),
(489, 2, 100012, 5, '2026-01-07', NULL, 7, '13:00:00', '14:00:00', NULL, NULL, NULL, 0, '2025-12-08 12:08:47', '2025-12-08 12:08:47'),
(490, 2, 100008, 10, '2026-01-07', NULL, 8, '14:00:00', '15:00:00', NULL, NULL, NULL, 0, '2025-12-08 12:08:47', '2025-12-08 12:08:47'),
(491, 2, 100020, 4, '2026-01-07', NULL, 10, '15:15:00', '16:15:00', NULL, NULL, NULL, 0, '2025-12-08 12:08:47', '2025-12-08 12:08:47'),
(492, 2, 100008, 10, '2026-01-08', NULL, 1, '07:30:00', '08:30:00', NULL, NULL, NULL, 0, '2025-12-08 12:08:47', '2025-12-08 12:08:47'),
(493, 2, 100012, 5, '2026-01-08', NULL, 2, '08:30:00', '09:30:00', NULL, NULL, NULL, 0, '2025-12-08 12:08:47', '2025-12-08 12:08:47'),
(494, 2, 100020, 4, '2026-01-08', NULL, 4, '09:45:00', '10:45:00', NULL, NULL, NULL, 0, '2025-12-08 12:08:47', '2025-12-08 12:08:47'),
(495, 2, 100014, 8, '2026-01-08', NULL, 5, '10:45:00', '11:45:00', NULL, NULL, NULL, 0, '2025-12-08 12:08:47', '2025-12-08 12:08:47'),
(496, 2, 100019, 6, '2026-01-08', NULL, 7, '13:00:00', '14:00:00', NULL, NULL, NULL, 0, '2025-12-08 12:08:47', '2025-12-08 12:08:47'),
(497, 2, 100009, 3, '2026-01-08', NULL, 8, '14:00:00', '15:00:00', NULL, NULL, NULL, 0, '2025-12-08 12:08:47', '2025-12-08 12:08:47'),
(498, 2, 100017, 7, '2026-01-08', NULL, 10, '15:15:00', '16:15:00', NULL, NULL, NULL, 0, '2025-12-08 12:08:47', '2025-12-08 12:08:47'),
(499, 2, 100008, 10, '2026-01-09', NULL, 1, '07:30:00', '08:30:00', NULL, NULL, NULL, 0, '2025-12-08 12:08:47', '2025-12-08 12:08:47'),
(500, 2, 100012, 5, '2026-01-09', NULL, 2, '08:30:00', '09:30:00', NULL, NULL, NULL, 0, '2025-12-08 12:08:47', '2025-12-08 12:08:47'),
(501, 2, 100019, 6, '2026-01-09', NULL, 4, '09:45:00', '10:45:00', NULL, NULL, NULL, 0, '2025-12-08 12:08:47', '2025-12-08 12:08:47'),
(502, 2, 100009, 3, '2026-01-09', NULL, 5, '10:45:00', '11:45:00', NULL, NULL, NULL, 0, '2025-12-08 12:08:47', '2025-12-08 12:08:47'),
(503, 2, 100014, 8, '2026-01-09', NULL, 7, '13:00:00', '14:00:00', NULL, NULL, NULL, 0, '2025-12-08 12:08:47', '2025-12-08 12:08:47'),
(504, 2, 100017, 7, '2026-01-09', NULL, 8, '14:00:00', '15:00:00', NULL, NULL, NULL, 0, '2025-12-08 12:08:47', '2025-12-08 12:08:47'),
(505, 2, 100020, 4, '2026-01-09', NULL, 10, '15:15:00', '16:15:00', NULL, NULL, NULL, 0, '2025-12-08 12:08:47', '2025-12-08 12:08:47');

-- --------------------------------------------------------

--
-- Table structure for table `schedule_generation_logs`
--

CREATE TABLE `schedule_generation_logs` (
  `log_id` int(11) NOT NULL,
  `section_id` int(11) NOT NULL,
  `generated_by` int(11) DEFAULT NULL,
  `generation_status` enum('Success','Failed','Partial') NOT NULL,
  `schedules_created` int(11) DEFAULT 0,
  `conflicts_found` int(11) DEFAULT 0,
  `error_message` text DEFAULT NULL,
  `generation_time` timestamp NOT NULL DEFAULT current_timestamp()
) ENGINE=InnoDB DEFAULT CHARSET=utf8mb4 COLLATE=utf8mb4_general_ci;

--
-- Dumping data for table `schedule_generation_logs`
--

INSERT INTO `schedule_generation_logs` (`log_id`, `section_id`, `generated_by`, `generation_status`, `schedules_created`, `conflicts_found`, `error_message`, `generation_time`) VALUES
(1, 3, NULL, 'Success', 8, 28, NULL, '2025-12-08 04:14:59'),
(2, 3, NULL, 'Success', 8, 37, NULL, '2025-12-08 04:20:43'),
(3, 3, NULL, 'Success', 7, 21, NULL, '2025-12-08 04:26:32'),
(4, 3, NULL, 'Success', 7, 25, NULL, '2025-12-08 04:29:14'),
(5, 3, NULL, 'Success', 7, 21, NULL, '2025-12-08 04:34:23'),
(6, 3, NULL, 'Success', 7, 21, NULL, '2025-12-08 04:45:06'),
(7, 3, NULL, 'Success', 7, 21, NULL, '2025-12-08 04:48:45'),
(8, 3, NULL, 'Success', 7, 21, NULL, '2025-12-08 04:52:07'),
(9, 3, NULL, 'Success', 7, 21, NULL, '2025-12-08 04:57:38'),
(10, 3, NULL, 'Success', 7, 21, NULL, '2025-12-08 04:59:58'),
(11, 3, NULL, 'Success', 7, 21, NULL, '2025-12-08 05:00:50'),
(12, 3, NULL, 'Success', 7, 21, NULL, '2025-12-08 05:05:26'),
(13, 3, NULL, 'Success', 4, 6, NULL, '2025-12-08 05:06:32'),
(14, 3, NULL, 'Success', 4, 22, NULL, '2025-12-08 05:07:36'),
(15, 3, NULL, 'Success', 4, 38, NULL, '2025-12-08 11:05:20');

-- --------------------------------------------------------

--
-- Table structure for table `schedule_templates`
--

CREATE TABLE `schedule_templates` (
  `template_id` int(11) NOT NULL,
  `template_name` varchar(100) NOT NULL,
  `description` text DEFAULT NULL,
  `grade_level` varchar(50) DEFAULT NULL,
  `track` varchar(50) DEFAULT NULL,
  `created_by` int(11) DEFAULT NULL,
  `is_active` tinyint(1) DEFAULT 1,
  `created_at` timestamp NOT NULL DEFAULT current_timestamp(),
  `updated_at` timestamp NOT NULL DEFAULT current_timestamp() ON UPDATE current_timestamp()
) ENGINE=InnoDB DEFAULT CHARSET=utf8mb4 COLLATE=utf8mb4_general_ci;

-- --------------------------------------------------------

--
-- Table structure for table `sections`
--

CREATE TABLE `sections` (
  `section_id` int(11) NOT NULL,
  `section_name` varchar(100) NOT NULL,
  `grade_level` varchar(50) NOT NULL,
  `track` varchar(50) DEFAULT NULL,
  `school_year` varchar(20) NOT NULL,
  `semester` enum('First Semester','Second Semester','Summer') NOT NULL,
  `adviser_id` int(11) DEFAULT NULL,
  `created_at` timestamp NOT NULL DEFAULT current_timestamp(),
  `updated_at` timestamp NOT NULL DEFAULT current_timestamp() ON UPDATE current_timestamp()
) ENGINE=InnoDB DEFAULT CHARSET=utf8mb4 COLLATE=utf8mb4_general_ci;

--
-- Dumping data for table `sections`
--

INSERT INTO `sections` (`section_id`, `section_name`, `grade_level`, `track`, `school_year`, `semester`, `adviser_id`, `created_at`, `updated_at`) VALUES
(1, 'STEM VENUS', 'Grade 12', 'STEM', 'SY 2025-2026', 'Second Semester', NULL, '2025-12-06 05:57:50', '2025-12-06 05:57:50'),
(2, 'STEM MARS', 'Grade 12', 'STEM', 'SY 2025-2026', 'Second Semester', NULL, '2025-12-06 05:57:50', '2025-12-06 05:57:50'),
(3, 'ABM SATURN', 'Grade 11', 'ABM', 'SY 2025-2026', 'Second Semester', NULL, '2025-12-06 05:57:50', '2025-12-06 05:57:50');

-- --------------------------------------------------------

--
-- Table structure for table `subjects`
--

CREATE TABLE `subjects` (
  `subject_id` int(11) NOT NULL,
  `subject_name` varchar(255) NOT NULL COMMENT 'subject name',
  `special` varchar(255) NOT NULL COMMENT 'teacher who specializes',
  `grade_level` tinyint(255) NOT NULL COMMENT 'grade level',
  `strand` varchar(255) NOT NULL COMMENT 'strand'
) ENGINE=InnoDB DEFAULT CHARSET=utf8mb4 COLLATE=utf8mb4_general_ci;

--
-- Dumping data for table `subjects`
--

INSERT INTO `subjects` (`subject_id`, `subject_name`, `special`, `grade_level`, `strand`) VALUES
(1, 'Physics 2', 'Mafeth Jinco', 0, 'STEM'),
(2, 'Physics 22', 'Mafeth Jinco2', 0, 'STEM'),
(3, 'Genereal Physics 1', 'Mafeth Jinco', 0, ''),
(4, 'General Physics 2', 'Mafeth Jinco', 0, 'STEM'),
(5, 'GP1', 'Mafeth Jinco', 12, 'STEM'),
(6, 'DRRM', 'Evelyn', 12, 'STEM'),
(7, 'Entrepreneurship', 'Mam', 12, 'STEM'),
(8, 'test', 'test', 12, 'STEM'),
(9, 'test', 'test', 12, 'ABM'),
(10, 'qwed', 'qwe', 12, 'GAS'),
(11, 'tesa1', 'te23', 12, 'HUMMS');

-- --------------------------------------------------------

--
-- Table structure for table `subject_requirements`
--

CREATE TABLE `subject_requirements` (
  `requirement_id` int(11) NOT NULL,
  `section_id` int(11) NOT NULL,
  `subject_id` int(11) NOT NULL,
  `faculty_id` int(11) NOT NULL,
  `hours_per_week` int(11) NOT NULL DEFAULT 1,
  `preferred_days` varchar(50) DEFAULT NULL,
  `notes` text DEFAULT NULL,
  `created_at` timestamp NOT NULL DEFAULT current_timestamp(),
  `updated_at` timestamp NOT NULL DEFAULT current_timestamp() ON UPDATE current_timestamp()
) ENGINE=InnoDB DEFAULT CHARSET=utf8mb4 COLLATE=utf8mb4_general_ci;

--
-- Dumping data for table `subject_requirements`
--

INSERT INTO `subject_requirements` (`requirement_id`, `section_id`, `subject_id`, `faculty_id`, `hours_per_week`, `preferred_days`, `notes`, `created_at`, `updated_at`) VALUES
(16, 3, 6, 100017, 1, '', '', '2025-12-08 05:06:09', '2025-12-08 05:06:09'),
(17, 3, 7, 100017, 1, '', '', '2025-12-08 05:06:12', '2025-12-08 05:06:12'),
(18, 3, 4, 100020, 1, '', '', '2025-12-08 05:06:17', '2025-12-08 05:06:17'),
(19, 3, 3, 100010, 1, '', '', '2025-12-08 05:06:20', '2025-12-08 05:06:20'),
(20, 3, 2, 100016, 1, '', '', '2025-12-08 11:13:22', '2025-12-08 11:13:22'),
(21, 3, 9, 100020, 1, '', '', '2025-12-08 11:13:26', '2025-12-08 11:13:26'),
(22, 3, 5, 100010, 1, '', '', '2025-12-08 11:13:33', '2025-12-08 11:13:33'),
(24, 2, 6, 100019, 1, NULL, NULL, '2025-12-08 12:06:32', '2025-12-08 12:06:32'),
(25, 2, 7, 100017, 1, NULL, NULL, '2025-12-08 12:06:34', '2025-12-08 12:06:34'),
(26, 2, 4, 100020, 1, NULL, NULL, '2025-12-08 12:06:38', '2025-12-08 12:06:38'),
(27, 2, 3, 100009, 1, NULL, NULL, '2025-12-08 12:06:41', '2025-12-08 12:06:41'),
(28, 2, 5, 100012, 1, NULL, NULL, '2025-12-08 12:06:44', '2025-12-08 12:06:44'),
(29, 2, 10, 100008, 1, NULL, NULL, '2025-12-08 12:06:47', '2025-12-08 12:06:47'),
(30, 2, 8, 100014, 1, NULL, NULL, '2025-12-08 12:06:52', '2025-12-08 12:06:52');

-- --------------------------------------------------------

--
-- Table structure for table `time_slots`
--

CREATE TABLE `time_slots` (
  `time_slot_id` int(11) NOT NULL,
  `start_time` time NOT NULL,
  `end_time` time NOT NULL,
  `is_break` tinyint(1) DEFAULT 0,
  `break_label` varchar(50) DEFAULT NULL,
  `slot_order` int(11) NOT NULL,
  `created_at` timestamp NOT NULL DEFAULT current_timestamp()
) ENGINE=InnoDB DEFAULT CHARSET=utf8mb4 COLLATE=utf8mb4_general_ci;

--
-- Dumping data for table `time_slots`
--

INSERT INTO `time_slots` (`time_slot_id`, `start_time`, `end_time`, `is_break`, `break_label`, `slot_order`, `created_at`) VALUES
(1, '07:30:00', '08:30:00', 0, NULL, 1, '2025-12-06 05:57:50'),
(2, '08:30:00', '09:30:00', 0, NULL, 2, '2025-12-06 05:57:50'),
(3, '09:30:00', '09:45:00', 1, 'BREAK TIME', 3, '2025-12-06 05:57:50'),
(4, '09:45:00', '10:45:00', 0, NULL, 4, '2025-12-06 05:57:50'),
(5, '10:45:00', '11:45:00', 0, NULL, 5, '2025-12-06 05:57:50'),
(6, '11:45:00', '13:00:00', 1, 'LUNCH BREAK', 6, '2025-12-06 05:57:50'),
(7, '13:00:00', '14:00:00', 0, NULL, 7, '2025-12-06 05:57:50'),
(8, '14:00:00', '15:00:00', 0, NULL, 8, '2025-12-06 05:57:50'),
(9, '15:00:00', '15:15:00', 1, 'BREAK TIME', 9, '2025-12-06 05:57:50'),
(10, '15:15:00', '16:15:00', 0, NULL, 10, '2025-12-06 05:57:50');

-- --------------------------------------------------------

--
-- Stand-in structure for view `vw_room_utilization`
-- (See below for the actual view)
--
CREATE TABLE `vw_room_utilization` (
`room_id` int(11)
,`room_name` varchar(50)
,`room_type` enum('Classroom','Laboratory','Gym','Conference Room','Other')
,`total_bookings` bigint(21)
,`days_used` bigint(21)
);

-- --------------------------------------------------------

--
-- Stand-in structure for view `vw_schedule_details`
-- (See below for the actual view)
--
CREATE TABLE `vw_schedule_details` (
`schedule_id` int(11)
,`section_name` varchar(100)
,`grade_level` varchar(50)
,`track` varchar(50)
,`school_year` varchar(20)
,`semester` enum('First Semester','Second Semester','Summer')
,`adviser_name` varchar(202)
,`subject_name` varchar(255)
,`teacher_name` varchar(303)
,`schedule_date` date
,`day_of_week` enum('Monday','Tuesday','Wednesday','Thursday','Friday','Saturday')
,`start_time` time
,`end_time` time
,`time_range` varchar(19)
,`room_name` varchar(50)
,`notes` text
,`is_auto_generated` tinyint(1)
);

-- --------------------------------------------------------

--
-- Stand-in structure for view `vw_teacher_workload`
-- (See below for the actual view)
--
CREATE TABLE `vw_teacher_workload` (
`faculty_id` int(6)
,`teacher_name` varchar(202)
,`total_classes` bigint(21)
,`sections_taught` bigint(21)
,`subjects_taught` bigint(21)
,`sections` mediumtext
);

-- --------------------------------------------------------

--
-- Structure for view `vw_room_utilization`
--
DROP TABLE IF EXISTS `vw_room_utilization`;

CREATE ALGORITHM=UNDEFINED DEFINER=`root`@`localhost` SQL SECURITY DEFINER VIEW `vw_room_utilization`  AS SELECT `r`.`room_id` AS `room_id`, `r`.`room_name` AS `room_name`, `r`.`room_type` AS `room_type`, count(`s`.`schedule_id`) AS `total_bookings`, count(distinct `s`.`day_of_week`) AS `days_used` FROM (`rooms` `r` left join `schedules` `s` on(`r`.`room_id` = `s`.`room_id`)) GROUP BY `r`.`room_id`, `r`.`room_name`, `r`.`room_type` ORDER BY count(`s`.`schedule_id`) DESC ;

-- --------------------------------------------------------

--
-- Structure for view `vw_schedule_details`
--
DROP TABLE IF EXISTS `vw_schedule_details`;

CREATE ALGORITHM=UNDEFINED DEFINER=`root`@`localhost` SQL SECURITY DEFINER VIEW `vw_schedule_details`  AS SELECT `s`.`schedule_id` AS `schedule_id`, `sec`.`section_name` AS `section_name`, `sec`.`grade_level` AS `grade_level`, `sec`.`track` AS `track`, `sec`.`school_year` AS `school_year`, `sec`.`semester` AS `semester`, concat(`adv`.`lname`,', ',`adv`.`fname`) AS `adviser_name`, `sub`.`subject_name` AS `subject_name`, concat(`f`.`lname`,', ',`f`.`fname`,' ',`f`.`mname`) AS `teacher_name`, `s`.`schedule_date` AS `schedule_date`, `s`.`day_of_week` AS `day_of_week`, `ts`.`start_time` AS `start_time`, `ts`.`end_time` AS `end_time`, concat(time_format(`ts`.`start_time`,'%h:%i %p'),' - ',time_format(`ts`.`end_time`,'%h:%i %p')) AS `time_range`, `r`.`room_name` AS `room_name`, `s`.`notes` AS `notes`, `s`.`is_auto_generated` AS `is_auto_generated` FROM ((((((`schedules` `s` join `sections` `sec` on(`s`.`section_id` = `sec`.`section_id`)) left join `faculty` `adv` on(`sec`.`adviser_id` = `adv`.`faculty_id`)) join `subjects` `sub` on(`s`.`subject_id` = `sub`.`subject_id`)) join `faculty` `f` on(`s`.`faculty_id` = `f`.`faculty_id`)) left join `time_slots` `ts` on(`s`.`time_slot_id` = `ts`.`time_slot_id`)) left join `rooms` `r` on(`s`.`room_id` = `r`.`room_id`)) WHERE `ts`.`is_break` = 0 OR `ts`.`is_break` is null ORDER BY `sec`.`section_name` ASC, `s`.`schedule_date` ASC, `ts`.`slot_order` ASC ;

-- --------------------------------------------------------

--
-- Structure for view `vw_teacher_workload`
--
DROP TABLE IF EXISTS `vw_teacher_workload`;

CREATE ALGORITHM=UNDEFINED DEFINER=`root`@`localhost` SQL SECURITY DEFINER VIEW `vw_teacher_workload`  AS SELECT `f`.`faculty_id` AS `faculty_id`, concat(`f`.`lname`,', ',`f`.`fname`) AS `teacher_name`, count(distinct `s`.`schedule_id`) AS `total_classes`, count(distinct `s`.`section_id`) AS `sections_taught`, count(distinct `s`.`subject_id`) AS `subjects_taught`, group_concat(distinct `sec`.`section_name` separator ', ') AS `sections` FROM ((`faculty` `f` join `schedules` `s` on(`f`.`faculty_id` = `s`.`faculty_id`)) join `sections` `sec` on(`s`.`section_id` = `sec`.`section_id`)) GROUP BY `f`.`faculty_id`, `f`.`lname`, `f`.`fname` ORDER BY count(distinct `s`.`schedule_id`) DESC ;

--
-- Indexes for dumped tables
--

--
-- Indexes for table `events`
--
ALTER TABLE `events`
  ADD PRIMARY KEY (`event_id`),
  ADD KEY `idx_event_date` (`event_date`),
  ADD KEY `idx_event_type` (`event_type`);

--
-- Indexes for table `faculty`
--
ALTER TABLE `faculty`
  ADD PRIMARY KEY (`faculty_id`);

--
-- Indexes for table `faculty_availability`
--
ALTER TABLE `faculty_availability`
  ADD PRIMARY KEY (`availability_id`),
  ADD KEY `idx_faculty` (`faculty_id`),
  ADD KEY `idx_day` (`day_of_week`);

--
-- Indexes for table `rooms`
--
ALTER TABLE `rooms`
  ADD PRIMARY KEY (`room_id`),
  ADD UNIQUE KEY `room_name` (`room_name`),
  ADD KEY `idx_room_type` (`room_type`);

--
-- Indexes for table `schedules`
--
ALTER TABLE `schedules`
  ADD PRIMARY KEY (`schedule_id`),
  ADD KEY `idx_schedule_date` (`schedule_date`),
  ADD KEY `idx_faculty_id` (`faculty_id`),
  ADD KEY `idx_subject_id` (`subject_id`),
  ADD KEY `fk_schedule_room` (`room_id`),
  ADD KEY `idx_section_id` (`section_id`),
  ADD KEY `idx_day_of_week` (`day_of_week`),
  ADD KEY `idx_time_slot` (`time_slot_id`),
  ADD KEY `idx_schedule_lookup` (`section_id`,`schedule_date`,`day_of_week`,`time_slot_id`);

--
-- Indexes for table `schedule_generation_logs`
--
ALTER TABLE `schedule_generation_logs`
  ADD PRIMARY KEY (`log_id`),
  ADD KEY `generated_by` (`generated_by`),
  ADD KEY `idx_section` (`section_id`),
  ADD KEY `idx_generation_time` (`generation_time`);

--
-- Indexes for table `schedule_templates`
--
ALTER TABLE `schedule_templates`
  ADD PRIMARY KEY (`template_id`),
  ADD KEY `created_by` (`created_by`),
  ADD KEY `idx_track` (`track`),
  ADD KEY `idx_grade_level` (`grade_level`);

--
-- Indexes for table `sections`
--
ALTER TABLE `sections`
  ADD PRIMARY KEY (`section_id`),
  ADD KEY `adviser_id` (`adviser_id`),
  ADD KEY `idx_section_name` (`section_name`),
  ADD KEY `idx_school_year` (`school_year`,`semester`);

--
-- Indexes for table `subjects`
--
ALTER TABLE `subjects`
  ADD PRIMARY KEY (`subject_id`);

--
-- Indexes for table `subject_requirements`
--
ALTER TABLE `subject_requirements`
  ADD PRIMARY KEY (`requirement_id`),
  ADD UNIQUE KEY `unique_section_subject` (`section_id`,`subject_id`),
  ADD KEY `idx_section` (`section_id`),
  ADD KEY `idx_subject` (`subject_id`),
  ADD KEY `idx_faculty` (`faculty_id`);

--
-- Indexes for table `time_slots`
--
ALTER TABLE `time_slots`
  ADD PRIMARY KEY (`time_slot_id`),
  ADD UNIQUE KEY `unique_time` (`start_time`,`end_time`),
  ADD KEY `idx_slot_order` (`slot_order`);

--
-- AUTO_INCREMENT for dumped tables
--

--
-- AUTO_INCREMENT for table `events`
--
ALTER TABLE `events`
  MODIFY `event_id` int(11) NOT NULL AUTO_INCREMENT;

--
-- AUTO_INCREMENT for table `faculty`
--
ALTER TABLE `faculty`
  MODIFY `faculty_id` int(6) NOT NULL AUTO_INCREMENT COMMENT 'needs to be 6 characters', AUTO_INCREMENT=100021;

--
-- AUTO_INCREMENT for table `faculty_availability`
--
ALTER TABLE `faculty_availability`
  MODIFY `availability_id` int(11) NOT NULL AUTO_INCREMENT;

--
-- AUTO_INCREMENT for table `rooms`
--
ALTER TABLE `rooms`
  MODIFY `room_id` int(11) NOT NULL AUTO_INCREMENT, AUTO_INCREMENT=7;

--
-- AUTO_INCREMENT for table `schedules`
--
ALTER TABLE `schedules`
  MODIFY `schedule_id` int(11) NOT NULL AUTO_INCREMENT, AUTO_INCREMENT=506;

--
-- AUTO_INCREMENT for table `schedule_generation_logs`
--
ALTER TABLE `schedule_generation_logs`
  MODIFY `log_id` int(11) NOT NULL AUTO_INCREMENT, AUTO_INCREMENT=16;

--
-- AUTO_INCREMENT for table `schedule_templates`
--
ALTER TABLE `schedule_templates`
  MODIFY `template_id` int(11) NOT NULL AUTO_INCREMENT;

--
-- AUTO_INCREMENT for table `sections`
--
ALTER TABLE `sections`
  MODIFY `section_id` int(11) NOT NULL AUTO_INCREMENT, AUTO_INCREMENT=4;

--
-- AUTO_INCREMENT for table `subjects`
--
ALTER TABLE `subjects`
  MODIFY `subject_id` int(11) NOT NULL AUTO_INCREMENT, AUTO_INCREMENT=12;

--
-- AUTO_INCREMENT for table `subject_requirements`
--
ALTER TABLE `subject_requirements`
  MODIFY `requirement_id` int(11) NOT NULL AUTO_INCREMENT, AUTO_INCREMENT=31;

--
-- AUTO_INCREMENT for table `time_slots`
--
ALTER TABLE `time_slots`
  MODIFY `time_slot_id` int(11) NOT NULL AUTO_INCREMENT, AUTO_INCREMENT=11;

--
-- Constraints for dumped tables
--

--
-- Constraints for table `faculty_availability`
--
ALTER TABLE `faculty_availability`
  ADD CONSTRAINT `faculty_availability_ibfk_1` FOREIGN KEY (`faculty_id`) REFERENCES `faculty` (`faculty_id`) ON DELETE CASCADE;

--
-- Constraints for table `schedules`
--
ALTER TABLE `schedules`
  ADD CONSTRAINT `fk_schedule_room` FOREIGN KEY (`room_id`) REFERENCES `rooms` (`room_id`) ON DELETE SET NULL,
  ADD CONSTRAINT `fk_schedule_section` FOREIGN KEY (`section_id`) REFERENCES `sections` (`section_id`) ON DELETE CASCADE,
  ADD CONSTRAINT `fk_schedule_time_slot` FOREIGN KEY (`time_slot_id`) REFERENCES `time_slots` (`time_slot_id`) ON DELETE SET NULL,
  ADD CONSTRAINT `schedules_ibfk_1` FOREIGN KEY (`faculty_id`) REFERENCES `faculty` (`faculty_id`) ON DELETE CASCADE,
  ADD CONSTRAINT `schedules_ibfk_2` FOREIGN KEY (`subject_id`) REFERENCES `subjects` (`subject_id`) ON DELETE CASCADE;

--
-- Constraints for table `schedule_generation_logs`
--
ALTER TABLE `schedule_generation_logs`
  ADD CONSTRAINT `schedule_generation_logs_ibfk_1` FOREIGN KEY (`section_id`) REFERENCES `sections` (`section_id`) ON DELETE CASCADE,
  ADD CONSTRAINT `schedule_generation_logs_ibfk_2` FOREIGN KEY (`generated_by`) REFERENCES `faculty` (`faculty_id`) ON DELETE SET NULL;

--
-- Constraints for table `schedule_templates`
--
ALTER TABLE `schedule_templates`
  ADD CONSTRAINT `schedule_templates_ibfk_1` FOREIGN KEY (`created_by`) REFERENCES `faculty` (`faculty_id`) ON DELETE SET NULL;

--
-- Constraints for table `sections`
--
ALTER TABLE `sections`
  ADD CONSTRAINT `sections_ibfk_1` FOREIGN KEY (`adviser_id`) REFERENCES `faculty` (`faculty_id`) ON DELETE SET NULL;

--
-- Constraints for table `subject_requirements`
--
ALTER TABLE `subject_requirements`
  ADD CONSTRAINT `subject_requirements_ibfk_1` FOREIGN KEY (`section_id`) REFERENCES `sections` (`section_id`) ON DELETE CASCADE,
  ADD CONSTRAINT `subject_requirements_ibfk_2` FOREIGN KEY (`subject_id`) REFERENCES `subjects` (`subject_id`) ON DELETE CASCADE,
  ADD CONSTRAINT `subject_requirements_ibfk_3` FOREIGN KEY (`faculty_id`) REFERENCES `faculty` (`faculty_id`) ON DELETE CASCADE;
COMMIT;

/*!40101 SET CHARACTER_SET_CLIENT=@OLD_CHARACTER_SET_CLIENT */;
/*!40101 SET CHARACTER_SET_RESULTS=@OLD_CHARACTER_SET_RESULTS */;
/*!40101 SET COLLATION_CONNECTION=@OLD_COLLATION_CONNECTION */;
